product_name,reviewer_name,review_title,review_text,review_rating,verified_purchase,review_date,helpful_count
L'Oreal True Match Lumi Glotion,User_1472,Too glittery,This isn't a 'natural glow'. It has visible chunks of glitter in it. I look like a disco ball. Returning it.,1.0 out of 5 stars,Verified Purchase,"Reviewed in the United States on February 05, 2026",
L'Oreal True Match Lumi Glotion,User_9177,Perfect for no-makeup days,"When I don't want to wear foundation, I just put this on and it blurs imperfections while making my skin shine beautifully.",5.0 out of 5 stars,Verified Purchase,"Reviewed in the United States on November 03, 2025",
L'Oreal True Match Lumi Glotion,User_3106,"Very nice, subtle glow","It's a great product, easily blendable. Taking one star off because the tube is a bit small, but a little goes a long way.",4.0 out of 5 stars,Verified Purchase,"Reviewed in the United States on August 12, 2025",24 people found this helpful
L'Oreal True Match Lumi Glotion,User_3094,Holy grail product,I have repurchased this three times. It makes my skin look so healthy. Better than expensive high-end alternatives!,5.0 out of 5 stars,Verified Purchase,"Reviewed in the United States on July 11, 2025",
L'Oreal True Match Lumi Glotion,User_8461,"Not bad, but not for me",The glow is a bit too sparkly for my taste. I was expecting a more natural dewy finish.,3.0 out of 5 stars,Verified Purchase,"Reviewed in the United States on October 10, 2025",
L'Oreal True Match Lumi Glotion,User_9172,Holy grail product,I have repurchased this three times. It makes my skin look so healthy. Better than expensive high-end alternatives!,5.0 out of 5 stars,Verified Purchase,"Reviewed in the United States on November 29, 2025",9 people found this helpful
L'Oreal True Match Lumi Glotion,User_2586,Greasy feeling,It just sat on top of my skin and felt very heavy and greasy. Did not blend well with my other skincare products.,2.0 out of 5 stars,Verified Purchase,"Reviewed in the United States on January 08, 2026",
L'Oreal True Match Lumi Glotion,User_4362,Good product,I like how it looks on my skin. Doesn't cause breakouts for me. The color match is pretty decent.,4.0 out of 5 stars,Verified Purchase,"Reviewed in the United States on April 17, 2026",44 people found this helpful
L'Oreal True Match Lumi Glotion,User_9615,Holy grail product,I have repurchased this three times. It makes my skin look so healthy. Better than expensive high-end alternatives!,5.0 out of 5 stars,Verified Purchase,"Reviewed in the United States on June 19, 2025",
L'Oreal True Match Lumi Glotion,User_7362,Perfect for no-makeup days,"When I don't want to wear foundation, I just put this on and it blurs imperfections while making my skin shine beautifully.",5.0 out of 5 stars,Verified Purchase,"Reviewed in the United States on August 09, 2025",
L'Oreal True Match Lumi Glotion,User_3298,Made me break out,"Unfortunately, this clogged my pores and caused a breakout on my cheeks. Might not be suitable for acne-prone skin.",2.0 out of 5 stars,Verified Purchase,"Reviewed in the United States on September 08, 2025",36 people found this helpful
L'Oreal True Match Lumi Glotion,User_5740,Good product,I like how it looks on my skin. Doesn't cause breakouts for me. The color match is pretty decent.,4.0 out of 5 stars,Verified Purchase,"Reviewed in the United States on September 12, 2025",
L'Oreal True Match Lumi Glotion,User_9724,Average glow lotion,"It does what it says, but I feel like I could get the same effect from mixing a liquid highlighter with my moisturizer.",3.0 out of 5 stars,Verified Purchase,"Reviewed in the United States on October 29, 2025",31 people found this helpful
L'Oreal True Match Lumi Glotion,User_1150,Good product,I like how it looks on my skin. Doesn't cause breakouts for me. The color match is pretty decent.,4.0 out of 5 stars,Verified Purchase,"Reviewed in the United States on July 23, 2025",36 people found this helpful
L'Oreal True Match Lumi Glotion,User_7292,Average glow lotion,"It does what it says, but I feel like I could get the same effect from mixing a liquid highlighter with my moisturizer.",3.0 out of 5 stars,Verified Purchase,"Reviewed in the United States on January 30, 2026",37 people found this helpful
L'Oreal True Match Lumi Glotion,User_1864,Holy grail product,I have repurchased this three times. It makes my skin look so healthy. Better than expensive high-end alternatives!,5.0 out of 5 stars,Verified Purchase,"Reviewed in the United States on December 08, 2025",
L'Oreal True Match Lumi Glotion,User_5003,"Very nice, subtle glow","It's a great product, easily blendable. Taking one star off because the tube is a bit small, but a little goes a long way.",4.0 out of 5 stars,Verified Purchase,"Reviewed in the United States on April 28, 2026",
L'Oreal True Match Lumi Glotion,User_9565,It's okay,It gives a nice glow but it doesn't last all day. It tends to fade after a few hours on my oily skin.,3.0 out of 5 stars,Verified Purchase,"Reviewed in the United States on March 22, 2026",
L'Oreal True Match Lumi Glotion,User_8782,Absolutely love the glow!,"This glotion is amazing. It gives me such a natural, radiant glow without looking greasy. I use it under my foundation.",5.0 out of 5 stars,Verified Purchase,"Reviewed in the United States on June 15, 2025",37 people found this helpful
L'Oreal True Match Lumi Glotion,User_9957,Good product,I like how it looks on my skin. Doesn't cause breakouts for me. The color match is pretty decent.,4.0 out of 5 stars,Verified Purchase,"Reviewed in the United States on January 26, 2026",13 people found this helpful
L'Oreal True Match Lumi Glotion,User_2451,"Very nice, subtle glow","It's a great product, easily blendable. Taking one star off because the tube is a bit small, but a little goes a long way.",4.0 out of 5 stars,Verified Purchase,"Reviewed in the United States on October 03, 2025",
L'Oreal True Match Lumi Glotion,User_4930,It's okay,It gives a nice glow but it doesn't last all day. It tends to fade after a few hours on my oily skin.,3.0 out of 5 stars,Verified Purchase,"Reviewed in the United States on May 19, 2026",50 people found this helpful
L'Oreal True Match Lumi Glotion,User_6550,Perfect for no-makeup days,"When I don't want to wear foundation, I just put this on and it blurs imperfections while making my skin shine beautifully.",5.0 out of 5 stars,Verified Purchase,"Reviewed in the United States on August 05, 2025",8 people found this helpful
L'Oreal True Match Lumi Glotion,User_3074,Good product,I like how it looks on my skin. Doesn't cause breakouts for me. The color match is pretty decent.,4.0 out of 5 stars,Verified Purchase,"Reviewed in the United States on December 18, 2025",19 people found this helpful
L'Oreal True Match Lumi Glotion,User_8072,Absolutely love the glow!,"This glotion is amazing. It gives me such a natural, radiant glow without looking greasy. I use it under my foundation.",5.0 out of 5 stars,Verified Purchase,"Reviewed in the United States on September 13, 2025",24 people found this helpful
L'Oreal True Match Lumi Glotion,User_9069,"Very nice, subtle glow","It's a great product, easily blendable. Taking one star off because the tube is a bit small, but a little goes a long way.",4.0 out of 5 stars,Verified Purchase,"Reviewed in the United States on August 13, 2025",30 people found this helpful
L'Oreal True Match Lumi Glotion,User_4921,Holy grail product,I have repurchased this three times. It makes my skin look so healthy. Better than expensive high-end alternatives!,5.0 out of 5 stars,Verified Purchase,"Reviewed in the United States on November 29, 2025",29 people found this helpful
L'Oreal True Match Lumi Glotion,User_5670,"Very nice, subtle glow","It's a great product, easily blendable. Taking one star off because the tube is a bit small, but a little goes a long way.",4.0 out of 5 stars,Verified Purchase,"Reviewed in the United States on August 23, 2025",41 people found this helpful
L'Oreal True Match Lumi Glotion,User_6883,Good product,I like how it looks on my skin. Doesn't cause breakouts for me. The color match is pretty decent.,4.0 out of 5 stars,Verified Purchase,"Reviewed in the United States on March 11, 2026",26 people found this helpful
L'Oreal True Match Lumi Glotion,User_4315,Average glow lotion,"It does what it says, but I feel like I could get the same effect from mixing a liquid highlighter with my moisturizer.",3.0 out of 5 stars,Verified Purchase,"Reviewed in the United States on October 10, 2025",
L'Oreal True Match Lumi Glotion,User_8115,"Not bad, but not for me",The glow is a bit too sparkly for my taste. I was expecting a more natural dewy finish.,3.0 out of 5 stars,Verified Purchase,"Reviewed in the United States on March 11, 2026",
L'Oreal True Match Lumi Glotion,User_3302,"Very nice, subtle glow","It's a great product, easily blendable. Taking one star off because the tube is a bit small, but a little goes a long way.",4.0 out of 5 stars,Verified Purchase,"Reviewed in the United States on May 15, 2026",
L'Oreal True Match Lumi Glotion,User_8749,Holy grail product,I have repurchased this three times. It makes my skin look so healthy. Better than expensive high-end alternatives!,5.0 out of 5 stars,Verified Purchase,"Reviewed in the United States on September 20, 2025",
L'Oreal True Match Lumi Glotion,User_4222,Greasy feeling,It just sat on top of my skin and felt very heavy and greasy. Did not blend well with my other skincare products.,2.0 out of 5 stars,Verified Purchase,"Reviewed in the United States on January 05, 2026",11 people found this helpful
L'Oreal True Match Lumi Glotion,User_4141,Average glow lotion,"It does what it says, but I feel like I could get the same effect from mixing a liquid highlighter with my moisturizer.",3.0 out of 5 stars,Verified Purchase,"Reviewed in the United States on December 21, 2025",38 people found this helpful
L'Oreal True Match Lumi Glotion,User_8506,Absolutely love the glow!,"This glotion is amazing. It gives me such a natural, radiant glow without looking greasy. I use it under my foundation.",5.0 out of 5 stars,Verified Purchase,"Reviewed in the United States on October 03, 2025",11 people found this helpful
L'Oreal True Match Lumi Glotion,User_3663,Good product,I like how it looks on my skin. Doesn't cause breakouts for me. The color match is pretty decent.,4.0 out of 5 stars,Verified Purchase,"Reviewed in the United States on June 24, 2025",27 people found this helpful
L'Oreal True Match Lumi Glotion,User_1340,Absolutely love the glow!,"This glotion is amazing. It gives me such a natural, radiant glow without looking greasy. I use it under my foundation.",5.0 out of 5 stars,Verified Purchase,"Reviewed in the United States on November 01, 2025",37 people found this helpful
L'Oreal True Match Lumi Glotion,User_3539,Perfect for no-makeup days,"When I don't want to wear foundation, I just put this on and it blurs imperfections while making my skin shine beautifully.",5.0 out of 5 stars,Verified Purchase,"Reviewed in the United States on August 27, 2025",36 people found this helpful
L'Oreal True Match Lumi Glotion,User_9728,Holy grail product,I have repurchased this three times. It makes my skin look so healthy. Better than expensive high-end alternatives!,5.0 out of 5 stars,Verified Purchase,"Reviewed in the United States on May 24, 2025",
L'Oreal True Match Lumi Glotion,User_9761,Too glittery,This isn't a 'natural glow'. It has visible chunks of glitter in it. I look like a disco ball. Returning it.,1.0 out of 5 stars,Verified Purchase,"Reviewed in the United States on May 21, 2025",44 people found this helpful
L'Oreal True Match Lumi Glotion,User_9715,Absolutely love the glow!,"This glotion is amazing. It gives me such a natural, radiant glow without looking greasy. I use it under my foundation.",5.0 out of 5 stars,Verified Purchase,"Reviewed in the United States on February 17, 2026",
L'Oreal True Match Lumi Glotion,User_9685,"Very nice, subtle glow","It's a great product, easily blendable. Taking one star off because the tube is a bit small, but a little goes a long way.",4.0 out of 5 stars,Verified Purchase,"Reviewed in the United States on December 07, 2025",47 people found this helpful
L'Oreal True Match Lumi Glotion,User_8389,"Very nice, subtle glow","It's a great product, easily blendable. Taking one star off because the tube is a bit small, but a little goes a long way.",4.0 out of 5 stars,Verified Purchase,"Reviewed in the United States on April 27, 2026",7 people found this helpful
L'Oreal True Match Lumi Glotion,User_1379,Absolutely love the glow!,"This glotion is amazing. It gives me such a natural, radiant glow without looking greasy. I use it under my foundation.",5.0 out of 5 stars,Verified Purchase,"Reviewed in the United States on June 06, 2025",
L'Oreal True Match Lumi Glotion,User_7425,Perfect for no-makeup days,"When I don't want to wear foundation, I just put this on and it blurs imperfections while making my skin shine beautifully.",5.0 out of 5 stars,Verified Purchase,"Reviewed in the United States on August 09, 2025",14 people found this helpful
L'Oreal True Match Lumi Glotion,User_4982,Good product,I like how it looks on my skin. Doesn't cause breakouts for me. The color match is pretty decent.,4.0 out of 5 stars,Verified Purchase,"Reviewed in the United States on March 17, 2026",49 people found this helpful
L'Oreal True Match Lumi Glotion,User_1277,Good product,I like how it looks on my skin. Doesn't cause breakouts for me. The color match is pretty decent.,4.0 out of 5 stars,Verified Purchase,"Reviewed in the United States on November 01, 2025",42 people found this helpful
L'Oreal True Match Lumi Glotion,User_2736,Good product,I like how it looks on my skin. Doesn't cause breakouts for me. The color match is pretty decent.,4.0 out of 5 stars,Verified Purchase,"Reviewed in the United States on June 01, 2025",
L'Oreal True Match Lumi Glotion,User_1338,Greasy feeling,It just sat on top of my skin and felt very heavy and greasy. Did not blend well with my other skincare products.,2.0 out of 5 stars,Verified Purchase,"Reviewed in the United States on December 05, 2025",28 people found this helpful
L'Oreal True Match Lumi Glotion,User_9407,Absolutely love the glow!,"This glotion is amazing. It gives me such a natural, radiant glow without looking greasy. I use it under my foundation.",5.0 out of 5 stars,Verified Purchase,"Reviewed in the United States on March 15, 2026",10 people found this helpful
L'Oreal True Match Lumi Glotion,User_4212,"Not bad, but not for me",The glow is a bit too sparkly for my taste. I was expecting a more natural dewy finish.,3.0 out of 5 stars,Verified Purchase,"Reviewed in the United States on June 22, 2025",
L'Oreal True Match Lumi Glotion,User_6357,Average glow lotion,"It does what it says, but I feel like I could get the same effect from mixing a liquid highlighter with my moisturizer.",3.0 out of 5 stars,Verified Purchase,"Reviewed in the United States on February 09, 2026",23 people found this helpful
L'Oreal True Match Lumi Glotion,User_7607,Good product,I like how it looks on my skin. Doesn't cause breakouts for me. The color match is pretty decent.,4.0 out of 5 stars,Verified Purchase,"Reviewed in the United States on September 12, 2025",
L'Oreal True Match Lumi Glotion,User_4952,It's okay,It gives a nice glow but it doesn't last all day. It tends to fade after a few hours on my oily skin.,3.0 out of 5 stars,Verified Purchase,"Reviewed in the United States on June 03, 2025",
L'Oreal True Match Lumi Glotion,User_9790,"Very nice, subtle glow","It's a great product, easily blendable. Taking one star off because the tube is a bit small, but a little goes a long way.",4.0 out of 5 stars,Verified Purchase,"Reviewed in the United States on March 06, 2026",35 people found this helpful
L'Oreal True Match Lumi Glotion,User_9159,Absolutely love the glow!,"This glotion is amazing. It gives me such a natural, radiant glow without looking greasy. I use it under my foundation.",5.0 out of 5 stars,Verified Purchase,"Reviewed in the United States on August 23, 2025",
L'Oreal True Match Lumi Glotion,User_7587,"Not bad, but not for me",The glow is a bit too sparkly for my taste. I was expecting a more natural dewy finish.,3.0 out of 5 stars,Verified Purchase,"Reviewed in the United States on March 17, 2026",
L'Oreal True Match Lumi Glotion,User_5037,Good product,I like how it looks on my skin. Doesn't cause breakouts for me. The color match is pretty decent.,4.0 out of 5 stars,Verified Purchase,"Reviewed in the United States on May 24, 2025",
L'Oreal True Match Lumi Glotion,User_1874,Perfect for no-makeup days,"When I don't want to wear foundation, I just put this on and it blurs imperfections while making my skin shine beautifully.",5.0 out of 5 stars,Verified Purchase,"Reviewed in the United States on March 25, 2026",18 people found this helpful
L'Oreal True Match Lumi Glotion,User_5615,"Very nice, subtle glow","It's a great product, easily blendable. Taking one star off because the tube is a bit small, but a little goes a long way.",4.0 out of 5 stars,Verified Purchase,"Reviewed in the United States on May 23, 2025",
L'Oreal True Match Lumi Glotion,User_8659,Holy grail product,I have repurchased this three times. It makes my skin look so healthy. Better than expensive high-end alternatives!,5.0 out of 5 stars,Verified Purchase,"Reviewed in the United States on April 28, 2026",18 people found this helpful
L'Oreal True Match Lumi Glotion,User_1345,Perfect for no-makeup days,"When I don't want to wear foundation, I just put this on and it blurs imperfections while making my skin shine beautifully.",5.0 out of 5 stars,Verified Purchase,"Reviewed in the United States on July 03, 2025",
L'Oreal True Match Lumi Glotion,User_1596,Good product,I like how it looks on my skin. Doesn't cause breakouts for me. The color match is pretty decent.,4.0 out of 5 stars,Verified Purchase,"Reviewed in the United States on December 19, 2025",13 people found this helpful
L'Oreal True Match Lumi Glotion,User_6228,"Not bad, but not for me",The glow is a bit too sparkly for my taste. I was expecting a more natural dewy finish.,3.0 out of 5 stars,Verified Purchase,"Reviewed in the United States on March 30, 2026",
L'Oreal True Match Lumi Glotion,User_8274,"Very nice, subtle glow","It's a great product, easily blendable. Taking one star off because the tube is a bit small, but a little goes a long way.",4.0 out of 5 stars,Verified Purchase,"Reviewed in the United States on May 11, 2026",
L'Oreal True Match Lumi Glotion,User_3454,Good product,I like how it looks on my skin. Doesn't cause breakouts for me. The color match is pretty decent.,4.0 out of 5 stars,Verified Purchase,"Reviewed in the United States on April 28, 2026",34 people found this helpful
L'Oreal True Match Lumi Glotion,User_9200,It's okay,It gives a nice glow but it doesn't last all day. It tends to fade after a few hours on my oily skin.,3.0 out of 5 stars,Verified Purchase,"Reviewed in the United States on December 17, 2025",
L'Oreal True Match Lumi Glotion,User_3746,"Very nice, subtle glow","It's a great product, easily blendable. Taking one star off because the tube is a bit small, but a little goes a long way.",4.0 out of 5 stars,Verified Purchase,"Reviewed in the United States on March 25, 2026",32 people found this helpful
L'Oreal True Match Lumi Glotion,User_3729,"Very nice, subtle glow","It's a great product, easily blendable. Taking one star off because the tube is a bit small, but a little goes a long way.",4.0 out of 5 stars,Verified Purchase,"Reviewed in the United States on November 14, 2025",
L'Oreal True Match Lumi Glotion,User_4287,Good product,I like how it looks on my skin. Doesn't cause breakouts for me. The color match is pretty decent.,4.0 out of 5 stars,Verified Purchase,"Reviewed in the United States on July 30, 2025",31 people found this helpful
L'Oreal True Match Lumi Glotion,User_1214,Average glow lotion,"It does what it says, but I feel like I could get the same effect from mixing a liquid highlighter with my moisturizer.",3.0 out of 5 stars,Verified Purchase,"Reviewed in the United States on December 11, 2025",
L'Oreal True Match Lumi Glotion,User_3465,Absolutely love the glow!,"This glotion is amazing. It gives me such a natural, radiant glow without looking greasy. I use it under my foundation.",5.0 out of 5 stars,Verified Purchase,"Reviewed in the United States on May 15, 2026",
L'Oreal True Match Lumi Glotion,User_7121,Holy grail product,I have repurchased this three times. It makes my skin look so healthy. Better than expensive high-end alternatives!,5.0 out of 5 stars,Verified Purchase,"Reviewed in the United States on October 14, 2025",46 people found this helpful
L'Oreal True Match Lumi Glotion,User_2254,"Very nice, subtle glow","It's a great product, easily blendable. Taking one star off because the tube is a bit small, but a little goes a long way.",4.0 out of 5 stars,Verified Purchase,"Reviewed in the United States on August 28, 2025",
L'Oreal True Match Lumi Glotion,User_1429,"Not bad, but not for me",The glow is a bit too sparkly for my taste. I was expecting a more natural dewy finish.,3.0 out of 5 stars,Verified Purchase,"Reviewed in the United States on December 03, 2025",
L'Oreal True Match Lumi Glotion,User_2816,"Very nice, subtle glow","It's a great product, easily blendable. Taking one star off because the tube is a bit small, but a little goes a long way.",4.0 out of 5 stars,Verified Purchase,"Reviewed in the United States on February 03, 2026",42 people found this helpful
L'Oreal True Match Lumi Glotion,User_7261,Perfect for no-makeup days,"When I don't want to wear foundation, I just put this on and it blurs imperfections while making my skin shine beautifully.",5.0 out of 5 stars,Verified Purchase,"Reviewed in the United States on July 08, 2025",
L'Oreal True Match Lumi Glotion,User_4069,Holy grail product,I have repurchased this three times. It makes my skin look so healthy. Better than expensive high-end alternatives!,5.0 out of 5 stars,Verified Purchase,"Reviewed in the United States on December 12, 2025",
L'Oreal True Match Lumi Glotion,User_4073,"Not bad, but not for me",The glow is a bit too sparkly for my taste. I was expecting a more natural dewy finish.,3.0 out of 5 stars,Verified Purchase,"Reviewed in the United States on September 13, 2025",
L'Oreal True Match Lumi Glotion,User_2675,Good product,I like how it looks on my skin. Doesn't cause breakouts for me. The color match is pretty decent.,4.0 out of 5 stars,Verified Purchase,"Reviewed in the United States on October 10, 2025",
L'Oreal True Match Lumi Glotion,User_8358,Perfect for no-makeup days,"When I don't want to wear foundation, I just put this on and it blurs imperfections while making my skin shine beautifully.",5.0 out of 5 stars,Verified Purchase,"Reviewed in the United States on February 15, 2026",34 people found this helpful
L'Oreal True Match Lumi Glotion,User_1975,It's okay,It gives a nice glow but it doesn't last all day. It tends to fade after a few hours on my oily skin.,3.0 out of 5 stars,Verified Purchase,"Reviewed in the United States on February 02, 2026",6 people found this helpful
L'Oreal True Match Lumi Glotion,User_5142,Average glow lotion,"It does what it says, but I feel like I could get the same effect from mixing a liquid highlighter with my moisturizer.",3.0 out of 5 stars,Verified Purchase,"Reviewed in the United States on August 03, 2025",
L'Oreal True Match Lumi Glotion,User_5873,Good product,I like how it looks on my skin. Doesn't cause breakouts for me. The color match is pretty decent.,4.0 out of 5 stars,Verified Purchase,"Reviewed in the United States on December 22, 2025",
L'Oreal True Match Lumi Glotion,User_4787,Good product,I like how it looks on my skin. Doesn't cause breakouts for me. The color match is pretty decent.,4.0 out of 5 stars,Verified Purchase,"Reviewed in the United States on April 01, 2026",25 people found this helpful
L'Oreal True Match Lumi Glotion,User_8226,Absolutely love the glow!,"This glotion is amazing. It gives me such a natural, radiant glow without looking greasy. I use it under my foundation.",5.0 out of 5 stars,Verified Purchase,"Reviewed in the United States on January 16, 2026",
L'Oreal True Match Lumi Glotion,User_6645,Absolutely love the glow!,"This glotion is amazing. It gives me such a natural, radiant glow without looking greasy. I use it under my foundation.",5.0 out of 5 stars,Verified Purchase,"Reviewed in the United States on June 17, 2025",43 people found this helpful
L'Oreal True Match Lumi Glotion,User_4542,Perfect for no-makeup days,"When I don't want to wear foundation, I just put this on and it blurs imperfections while making my skin shine beautifully.",5.0 out of 5 stars,Verified Purchase,"Reviewed in the United States on December 02, 2025",
L'Oreal True Match Lumi Glotion,User_4949,"Very nice, subtle glow","It's a great product, easily blendable. Taking one star off because the tube is a bit small, but a little goes a long way.",4.0 out of 5 stars,Verified Purchase,"Reviewed in the United States on November 04, 2025",18 people found this helpful
L'Oreal True Match Lumi Glotion,User_3647,Absolutely love the glow!,"This glotion is amazing. It gives me such a natural, radiant glow without looking greasy. I use it under my foundation.",5.0 out of 5 stars,Verified Purchase,"Reviewed in the United States on October 14, 2025",
L'Oreal True Match Lumi Glotion,User_7557,"Very nice, subtle glow","It's a great product, easily blendable. Taking one star off because the tube is a bit small, but a little goes a long way.",4.0 out of 5 stars,Verified Purchase,"Reviewed in the United States on July 27, 2025",44 people found this helpful
L'Oreal True Match Lumi Glotion,User_7071,Absolutely love the glow!,"This glotion is amazing. It gives me such a natural, radiant glow without looking greasy. I use it under my foundation.",5.0 out of 5 stars,Verified Purchase,"Reviewed in the United States on March 12, 2026",35 people found this helpful
L'Oreal True Match Lumi Glotion,User_6253,Good product,I like how it looks on my skin. Doesn't cause breakouts for me. The color match is pretty decent.,4.0 out of 5 stars,Verified Purchase,"Reviewed in the United States on July 07, 2025",49 people found this helpful
L'Oreal True Match Lumi Glotion,User_2296,Good product,I like how it looks on my skin. Doesn't cause breakouts for me. The color match is pretty decent.,4.0 out of 5 stars,Verified Purchase,"Reviewed in the United States on January 11, 2026",44 people found this helpful
L'Oreal True Match Lumi Glotion,User_2061,Good product,I like how it looks on my skin. Doesn't cause breakouts for me. The color match is pretty decent.,4.0 out of 5 stars,Verified Purchase,"Reviewed in the United States on September 22, 2025",
L'Oreal True Match Lumi Glotion,User_1733,Good product,I like how it looks on my skin. Doesn't cause breakouts for me. The color match is pretty decent.,4.0 out of 5 stars,Verified Purchase,"Reviewed in the United States on February 13, 2026",
L'Oreal True Match Lumi Glotion,User_3395,Perfect for no-makeup days,"When I don't want to wear foundation, I just put this on and it blurs imperfections while making my skin shine beautifully.",5.0 out of 5 stars,Verified Purchase,"Reviewed in the United States on December 18, 2025",
L'Oreal True Match Lumi Glotion,User_3902,"Not bad, but not for me",The glow is a bit too sparkly for my taste. I was expecting a more natural dewy finish.,3.0 out of 5 stars,Verified Purchase,"Reviewed in the United States on December 24, 2025",
L'Oreal True Match Lumi Glotion,User_7810,Good product,I like how it looks on my skin. Doesn't cause breakouts for me. The color match is pretty decent.,4.0 out of 5 stars,Verified Purchase,"Reviewed in the United States on February 18, 2026",21 people found this helpful
L'Oreal True Match Lumi Glotion,User_4686,"Very nice, subtle glow","It's a great product, easily blendable. Taking one star off because the tube is a bit small, but a little goes a long way.",4.0 out of 5 stars,Verified Purchase,"Reviewed in the United States on April 27, 2026",
L'Oreal True Match Lumi Glotion,User_5076,Absolutely love the glow!,"This glotion is amazing. It gives me such a natural, radiant glow without looking greasy. I use it under my foundation.",5.0 out of 5 stars,Verified Purchase,"Reviewed in the United States on January 06, 2026",
L'Oreal True Match Lumi Glotion,User_7881,Good product,I like how it looks on my skin. Doesn't cause breakouts for me. The color match is pretty decent.,4.0 out of 5 stars,Verified Purchase,"Reviewed in the United States on January 16, 2026",50 people found this helpful
L'Oreal True Match Lumi Glotion,User_9150,"Very nice, subtle glow","It's a great product, easily blendable. Taking one star off because the tube is a bit small, but a little goes a long way.",4.0 out of 5 stars,Verified Purchase,"Reviewed in the United States on April 19, 2026",
L'Oreal True Match Lumi Glotion,User_6001,Perfect for no-makeup days,"When I don't want to wear foundation, I just put this on and it blurs imperfections while making my skin shine beautifully.",5.0 out of 5 stars,Verified Purchase,"Reviewed in the United States on March 15, 2026",21 people found this helpful
L'Oreal True Match Lumi Glotion,User_8686,It's okay,It gives a nice glow but it doesn't last all day. It tends to fade after a few hours on my oily skin.,3.0 out of 5 stars,Verified Purchase,"Reviewed in the United States on February 13, 2026",9 people found this helpful
L'Oreal True Match Lumi Glotion,User_7810,"Very nice, subtle glow","It's a great product, easily blendable. Taking one star off because the tube is a bit small, but a little goes a long way.",4.0 out of 5 stars,Verified Purchase,"Reviewed in the United States on June 19, 2025",20 people found this helpful
L'Oreal True Match Lumi Glotion,User_2370,Holy grail product,I have repurchased this three times. It makes my skin look so healthy. Better than expensive high-end alternatives!,5.0 out of 5 stars,Verified Purchase,"Reviewed in the United States on May 25, 2025",8 people found this helpful
L'Oreal True Match Lumi Glotion,User_6905,Absolutely love the glow!,"This glotion is amazing. It gives me such a natural, radiant glow without looking greasy. I use it under my foundation.",5.0 out of 5 stars,Verified Purchase,"Reviewed in the United States on August 20, 2025",14 people found this helpful
L'Oreal True Match Lumi Glotion,User_1251,Perfect for no-makeup days,"When I don't want to wear foundation, I just put this on and it blurs imperfections while making my skin shine beautifully.",5.0 out of 5 stars,Verified Purchase,"Reviewed in the United States on January 25, 2026",
L'Oreal True Match Lumi Glotion,User_8755,Perfect for no-makeup days,"When I don't want to wear foundation, I just put this on and it blurs imperfections while making my skin shine beautifully.",5.0 out of 5 stars,Verified Purchase,"Reviewed in the United States on September 25, 2025",41 people found this helpful
L'Oreal True Match Lumi Glotion,User_1557,Good product,I like how it looks on my skin. Doesn't cause breakouts for me. The color match is pretty decent.,4.0 out of 5 stars,Verified Purchase,"Reviewed in the United States on September 04, 2025",22 people found this helpful
L'Oreal True Match Lumi Glotion,User_5129,It's okay,It gives a nice glow but it doesn't last all day. It tends to fade after a few hours on my oily skin.,3.0 out of 5 stars,Verified Purchase,"Reviewed in the United States on July 29, 2025",34 people found this helpful
L'Oreal True Match Lumi Glotion,User_6655,Perfect for no-makeup days,"When I don't want to wear foundation, I just put this on and it blurs imperfections while making my skin shine beautifully.",5.0 out of 5 stars,Verified Purchase,"Reviewed in the United States on July 06, 2025",
L'Oreal True Match Lumi Glotion,User_5915,Good product,I like how it looks on my skin. Doesn't cause breakouts for me. The color match is pretty decent.,4.0 out of 5 stars,Verified Purchase,"Reviewed in the United States on December 16, 2025",
L'Oreal True Match Lumi Glotion,User_1318,"Very nice, subtle glow","It's a great product, easily blendable. Taking one star off because the tube is a bit small, but a little goes a long way.",4.0 out of 5 stars,Verified Purchase,"Reviewed in the United States on August 26, 2025",28 people found this helpful
L'Oreal True Match Lumi Glotion,User_5827,Good product,I like how it looks on my skin. Doesn't cause breakouts for me. The color match is pretty decent.,4.0 out of 5 stars,Verified Purchase,"Reviewed in the United States on September 04, 2025",10 people found this helpful
L'Oreal True Match Lumi Glotion,User_4421,Absolutely love the glow!,"This glotion is amazing. It gives me such a natural, radiant glow without looking greasy. I use it under my foundation.",5.0 out of 5 stars,Verified Purchase,"Reviewed in the United States on April 05, 2026",
L'Oreal True Match Lumi Glotion,User_4903,Perfect for no-makeup days,"When I don't want to wear foundation, I just put this on and it blurs imperfections while making my skin shine beautifully.",5.0 out of 5 stars,Verified Purchase,"Reviewed in the United States on January 25, 2026",
L'Oreal True Match Lumi Glotion,User_2383,Average glow lotion,"It does what it says, but I feel like I could get the same effect from mixing a liquid highlighter with my moisturizer.",3.0 out of 5 stars,Verified Purchase,"Reviewed in the United States on December 08, 2025",
L'Oreal True Match Lumi Glotion,User_7455,Good product,I like how it looks on my skin. Doesn't cause breakouts for me. The color match is pretty decent.,4.0 out of 5 stars,Verified Purchase,"Reviewed in the United States on May 01, 2026",17 people found this helpful
L'Oreal True Match Lumi Glotion,User_4188,"Not bad, but not for me",The glow is a bit too sparkly for my taste. I was expecting a more natural dewy finish.,3.0 out of 5 stars,Verified Purchase,"Reviewed in the United States on January 28, 2026",
L'Oreal True Match Lumi Glotion,User_8336,Average glow lotion,"It does what it says, but I feel like I could get the same effect from mixing a liquid highlighter with my moisturizer.",3.0 out of 5 stars,Verified Purchase,"Reviewed in the United States on September 13, 2025",24 people found this helpful
L'Oreal True Match Lumi Glotion,User_3893,"Very nice, subtle glow","It's a great product, easily blendable. Taking one star off because the tube is a bit small, but a little goes a long way.",4.0 out of 5 stars,Verified Purchase,"Reviewed in the United States on February 12, 2026",
L'Oreal True Match Lumi Glotion,User_5698,"Not bad, but not for me",The glow is a bit too sparkly for my taste. I was expecting a more natural dewy finish.,3.0 out of 5 stars,Verified Purchase,"Reviewed in the United States on July 01, 2025",0 people found this helpful
L'Oreal True Match Lumi Glotion,User_5445,Holy grail product,I have repurchased this three times. It makes my skin look so healthy. Better than expensive high-end alternatives!,5.0 out of 5 stars,Verified Purchase,"Reviewed in the United States on August 09, 2025",
L'Oreal True Match Lumi Glotion,User_8027,"Very nice, subtle glow","It's a great product, easily blendable. Taking one star off because the tube is a bit small, but a little goes a long way.",4.0 out of 5 stars,Verified Purchase,"Reviewed in the United States on January 31, 2026",30 people found this helpful
L'Oreal True Match Lumi Glotion,User_7560,"Not bad, but not for me",The glow is a bit too sparkly for my taste. I was expecting a more natural dewy finish.,3.0 out of 5 stars,Verified Purchase,"Reviewed in the United States on November 07, 2025",
L'Oreal True Match Lumi Glotion,User_2653,"Not bad, but not for me",The glow is a bit too sparkly for my taste. I was expecting a more natural dewy finish.,3.0 out of 5 stars,Verified Purchase,"Reviewed in the United States on May 31, 2025",11 people found this helpful
L'Oreal True Match Lumi Glotion,User_9031,Perfect for no-makeup days,"When I don't want to wear foundation, I just put this on and it blurs imperfections while making my skin shine beautifully.",5.0 out of 5 stars,Verified Purchase,"Reviewed in the United States on December 05, 2025",42 people found this helpful
L'Oreal True Match Lumi Glotion,User_7639,Average glow lotion,"It does what it says, but I feel like I could get the same effect from mixing a liquid highlighter with my moisturizer.",3.0 out of 5 stars,Verified Purchase,"Reviewed in the United States on June 04, 2025",11 people found this helpful
L'Oreal True Match Lumi Glotion,User_4315,Holy grail product,I have repurchased this three times. It makes my skin look so healthy. Better than expensive high-end alternatives!,5.0 out of 5 stars,Verified Purchase,"Reviewed in the United States on May 29, 2025",1 people found this helpful
L'Oreal True Match Lumi Glotion,User_2608,"Not bad, but not for me",The glow is a bit too sparkly for my taste. I was expecting a more natural dewy finish.,3.0 out of 5 stars,Verified Purchase,"Reviewed in the United States on April 10, 2026",
L'Oreal True Match Lumi Glotion,User_3688,Absolutely love the glow!,"This glotion is amazing. It gives me such a natural, radiant glow without looking greasy. I use it under my foundation.",5.0 out of 5 stars,Verified Purchase,"Reviewed in the United States on August 13, 2025",35 people found this helpful
L'Oreal True Match Lumi Glotion,User_3198,Greasy feeling,It just sat on top of my skin and felt very heavy and greasy. Did not blend well with my other skincare products.,2.0 out of 5 stars,Verified Purchase,"Reviewed in the United States on July 15, 2025",
L'Oreal True Match Lumi Glotion,User_2329,"Very nice, subtle glow","It's a great product, easily blendable. Taking one star off because the tube is a bit small, but a little goes a long way.",4.0 out of 5 stars,Verified Purchase,"Reviewed in the United States on January 06, 2026",
L'Oreal True Match Lumi Glotion,User_2290,Holy grail product,I have repurchased this three times. It makes my skin look so healthy. Better than expensive high-end alternatives!,5.0 out of 5 stars,Verified Purchase,"Reviewed in the United States on May 11, 2026",
L'Oreal True Match Lumi Glotion,User_1461,"Very nice, subtle glow","It's a great product, easily blendable. Taking one star off because the tube is a bit small, but a little goes a long way.",4.0 out of 5 stars,Verified Purchase,"Reviewed in the United States on May 25, 2025",
L'Oreal True Match Lumi Glotion,User_6597,Holy grail product,I have repurchased this three times. It makes my skin look so healthy. Better than expensive high-end alternatives!,5.0 out of 5 stars,Verified Purchase,"Reviewed in the United States on January 03, 2026",
L'Oreal True Match Lumi Glotion,User_2263,Absolutely love the glow!,"This glotion is amazing. It gives me such a natural, radiant glow without looking greasy. I use it under my foundation.",5.0 out of 5 stars,Verified Purchase,"Reviewed in the United States on June 19, 2025",
L'Oreal True Match Lumi Glotion,User_1650,"Very nice, subtle glow","It's a great product, easily blendable. Taking one star off because the tube is a bit small, but a little goes a long way.",4.0 out of 5 stars,Verified Purchase,"Reviewed in the United States on December 05, 2025",
L'Oreal True Match Lumi Glotion,User_5026,Absolutely love the glow!,"This glotion is amazing. It gives me such a natural, radiant glow without looking greasy. I use it under my foundation.",5.0 out of 5 stars,Verified Purchase,"Reviewed in the United States on August 04, 2025",
L'Oreal True Match Lumi Glotion,User_9827,Absolutely love the glow!,"This glotion is amazing. It gives me such a natural, radiant glow without looking greasy. I use it under my foundation.",5.0 out of 5 stars,Verified Purchase,"Reviewed in the United States on March 18, 2026",
L'Oreal True Match Lumi Glotion,User_4778,Holy grail product,I have repurchased this three times. It makes my skin look so healthy. Better than expensive high-end alternatives!,5.0 out of 5 stars,Verified Purchase,"Reviewed in the United States on June 13, 2025",
L'Oreal True Match Lumi Glotion,User_5962,Perfect for no-makeup days,"When I don't want to wear foundation, I just put this on and it blurs imperfections while making my skin shine beautifully.",5.0 out of 5 stars,Verified Purchase,"Reviewed in the United States on June 09, 2025",
L'Oreal True Match Lumi Glotion,User_8498,Perfect for no-makeup days,"When I don't want to wear foundation, I just put this on and it blurs imperfections while making my skin shine beautifully.",5.0 out of 5 stars,Verified Purchase,"Reviewed in the United States on March 26, 2026",22 people found this helpful
L'Oreal True Match Lumi Glotion,User_5030,Absolutely love the glow!,"This glotion is amazing. It gives me such a natural, radiant glow without looking greasy. I use it under my foundation.",5.0 out of 5 stars,Verified Purchase,"Reviewed in the United States on April 21, 2026",50 people found this helpful
L'Oreal True Match Lumi Glotion,User_4680,Absolutely love the glow!,"This glotion is amazing. It gives me such a natural, radiant glow without looking greasy. I use it under my foundation.",5.0 out of 5 stars,Verified Purchase,"Reviewed in the United States on October 29, 2025",
L'Oreal True Match Lumi Glotion,User_8447,Average glow lotion,"It does what it says, but I feel like I could get the same effect from mixing a liquid highlighter with my moisturizer.",3.0 out of 5 stars,Verified Purchase,"Reviewed in the United States on May 27, 2025",
L'Oreal True Match Lumi Glotion,User_1721,Absolutely love the glow!,"This glotion is amazing. It gives me such a natural, radiant glow without looking greasy. I use it under my foundation.",5.0 out of 5 stars,Verified Purchase,"Reviewed in the United States on March 22, 2026",43 people found this helpful
L'Oreal True Match Lumi Glotion,User_2738,It's okay,It gives a nice glow but it doesn't last all day. It tends to fade after a few hours on my oily skin.,3.0 out of 5 stars,Verified Purchase,"Reviewed in the United States on April 19, 2026",38 people found this helpful
L'Oreal True Match Lumi Glotion,User_1040,Perfect for no-makeup days,"When I don't want to wear foundation, I just put this on and it blurs imperfections while making my skin shine beautifully.",5.0 out of 5 stars,Verified Purchase,"Reviewed in the United States on January 07, 2026",42 people found this helpful
L'Oreal True Match Lumi Glotion,User_2301,Perfect for no-makeup days,"When I don't want to wear foundation, I just put this on and it blurs imperfections while making my skin shine beautifully.",5.0 out of 5 stars,Verified Purchase,"Reviewed in the United States on July 28, 2025",
L'Oreal True Match Lumi Glotion,User_4813,Holy grail product,I have repurchased this three times. It makes my skin look so healthy. Better than expensive high-end alternatives!,5.0 out of 5 stars,Verified Purchase,"Reviewed in the United States on March 24, 2026",17 people found this helpful
L'Oreal True Match Lumi Glotion,User_1421,Perfect for no-makeup days,"When I don't want to wear foundation, I just put this on and it blurs imperfections while making my skin shine beautifully.",5.0 out of 5 stars,Verified Purchase,"Reviewed in the United States on September 27, 2025",
L'Oreal True Match Lumi Glotion,User_5087,Greasy feeling,It just sat on top of my skin and felt very heavy and greasy. Did not blend well with my other skincare products.,2.0 out of 5 stars,Verified Purchase,"Reviewed in the United States on September 02, 2025",
L'Oreal True Match Lumi Glotion,User_9236,Perfect for no-makeup days,"When I don't want to wear foundation, I just put this on and it blurs imperfections while making my skin shine beautifully.",5.0 out of 5 stars,Verified Purchase,"Reviewed in the United States on January 17, 2026",
L'Oreal True Match Lumi Glotion,User_9340,It's okay,It gives a nice glow but it doesn't last all day. It tends to fade after a few hours on my oily skin.,3.0 out of 5 stars,Verified Purchase,"Reviewed in the United States on March 26, 2026",
L'Oreal True Match Lumi Glotion,User_1732,"Not bad, but not for me",The glow is a bit too sparkly for my taste. I was expecting a more natural dewy finish.,3.0 out of 5 stars,Verified Purchase,"Reviewed in the United States on February 18, 2026",8 people found this helpful
L'Oreal True Match Lumi Glotion,User_3130,Perfect for no-makeup days,"When I don't want to wear foundation, I just put this on and it blurs imperfections while making my skin shine beautifully.",5.0 out of 5 stars,Verified Purchase,"Reviewed in the United States on February 18, 2026",25 people found this helpful
L'Oreal True Match Lumi Glotion,User_4291,Good product,I like how it looks on my skin. Doesn't cause breakouts for me. The color match is pretty decent.,4.0 out of 5 stars,Verified Purchase,"Reviewed in the United States on July 10, 2025",29 people found this helpful
L'Oreal True Match Lumi Glotion,User_7554,Absolutely love the glow!,"This glotion is amazing. It gives me such a natural, radiant glow without looking greasy. I use it under my foundation.",5.0 out of 5 stars,Verified Purchase,"Reviewed in the United States on April 16, 2026",
L'Oreal True Match Lumi Glotion,User_6142,Good product,I like how it looks on my skin. Doesn't cause breakouts for me. The color match is pretty decent.,4.0 out of 5 stars,Verified Purchase,"Reviewed in the United States on December 30, 2025",40 people found this helpful
L'Oreal True Match Lumi Glotion,User_7452,Perfect for no-makeup days,"When I don't want to wear foundation, I just put this on and it blurs imperfections while making my skin shine beautifully.",5.0 out of 5 stars,Verified Purchase,"Reviewed in the United States on October 02, 2025",27 people found this helpful
L'Oreal True Match Lumi Glotion,User_5750,Holy grail product,I have repurchased this three times. It makes my skin look so healthy. Better than expensive high-end alternatives!,5.0 out of 5 stars,Verified Purchase,"Reviewed in the United States on January 08, 2026",
L'Oreal True Match Lumi Glotion,User_1414,Perfect for no-makeup days,"When I don't want to wear foundation, I just put this on and it blurs imperfections while making my skin shine beautifully.",5.0 out of 5 stars,Verified Purchase,"Reviewed in the United States on May 02, 2026",
L'Oreal True Match Lumi Glotion,User_6083,Perfect for no-makeup days,"When I don't want to wear foundation, I just put this on and it blurs imperfections while making my skin shine beautifully.",5.0 out of 5 stars,Verified Purchase,"Reviewed in the United States on March 04, 2026",
L'Oreal True Match Lumi Glotion,User_2173,"Not bad, but not for me",The glow is a bit too sparkly for my taste. I was expecting a more natural dewy finish.,3.0 out of 5 stars,Verified Purchase,"Reviewed in the United States on September 18, 2025",
L'Oreal True Match Lumi Glotion,User_1882,Holy grail product,I have repurchased this three times. It makes my skin look so healthy. Better than expensive high-end alternatives!,5.0 out of 5 stars,Verified Purchase,"Reviewed in the United States on June 12, 2025",44 people found this helpful
L'Oreal True Match Lumi Glotion,User_5159,Average glow lotion,"It does what it says, but I feel like I could get the same effect from mixing a liquid highlighter with my moisturizer.",3.0 out of 5 stars,Verified Purchase,"Reviewed in the United States on July 04, 2025",
L'Oreal True Match Lumi Glotion,User_5031,Good product,I like how it looks on my skin. Doesn't cause breakouts for me. The color match is pretty decent.,4.0 out of 5 stars,Verified Purchase,"Reviewed in the United States on August 31, 2025",
L'Oreal True Match Lumi Glotion,User_7153,"Very nice, subtle glow","It's a great product, easily blendable. Taking one star off because the tube is a bit small, but a little goes a long way.",4.0 out of 5 stars,Verified Purchase,"Reviewed in the United States on December 22, 2025",35 people found this helpful
L'Oreal True Match Lumi Glotion,User_9179,Perfect for no-makeup days,"When I don't want to wear foundation, I just put this on and it blurs imperfections while making my skin shine beautifully.",5.0 out of 5 stars,Verified Purchase,"Reviewed in the United States on October 02, 2025",
L'Oreal True Match Lumi Glotion,User_2655,Holy grail product,I have repurchased this three times. It makes my skin look so healthy. Better than expensive high-end alternatives!,5.0 out of 5 stars,Verified Purchase,"Reviewed in the United States on March 12, 2026",41 people found this helpful
L'Oreal True Match Lumi Glotion,User_8313,Average glow lotion,"It does what it says, but I feel like I could get the same effect from mixing a liquid highlighter with my moisturizer.",3.0 out of 5 stars,Verified Purchase,"Reviewed in the United States on March 31, 2026",
L'Oreal True Match Lumi Glotion,User_5020,Perfect for no-makeup days,"When I don't want to wear foundation, I just put this on and it blurs imperfections while making my skin shine beautifully.",5.0 out of 5 stars,Verified Purchase,"Reviewed in the United States on January 20, 2026",43 people found this helpful
L'Oreal True Match Lumi Glotion,User_3845,Perfect for no-makeup days,"When I don't want to wear foundation, I just put this on and it blurs imperfections while making my skin shine beautifully.",5.0 out of 5 stars,Verified Purchase,"Reviewed in the United States on December 18, 2025",
L'Oreal True Match Lumi Glotion,User_3654,"Very nice, subtle glow","It's a great product, easily blendable. Taking one star off because the tube is a bit small, but a little goes a long way.",4.0 out of 5 stars,Verified Purchase,"Reviewed in the United States on January 30, 2026",2 people found this helpful
L'Oreal True Match Lumi Glotion,User_8478,"Very nice, subtle glow","It's a great product, easily blendable. Taking one star off because the tube is a bit small, but a little goes a long way.",4.0 out of 5 stars,Verified Purchase,"Reviewed in the United States on June 30, 2025",36 people found this helpful
L'Oreal True Match Lumi Glotion,User_9456,Absolutely love the glow!,"This glotion is amazing. It gives me such a natural, radiant glow without looking greasy. I use it under my foundation.",5.0 out of 5 stars,Verified Purchase,"Reviewed in the United States on November 05, 2025",
L'Oreal True Match Lumi Glotion,User_7912,"Very nice, subtle glow","It's a great product, easily blendable. Taking one star off because the tube is a bit small, but a little goes a long way.",4.0 out of 5 stars,Verified Purchase,"Reviewed in the United States on April 20, 2026",
L'Oreal True Match Lumi Glotion,User_4817,Good product,I like how it looks on my skin. Doesn't cause breakouts for me. The color match is pretty decent.,4.0 out of 5 stars,Verified Purchase,"Reviewed in the United States on January 24, 2026",
L'Oreal True Match Lumi Glotion,User_6292,"Very nice, subtle glow","It's a great product, easily blendable. Taking one star off because the tube is a bit small, but a little goes a long way.",4.0 out of 5 stars,Verified Purchase,"Reviewed in the United States on December 27, 2025",
L'Oreal True Match Lumi Glotion,User_1042,Perfect for no-makeup days,"When I don't want to wear foundation, I just put this on and it blurs imperfections while making my skin shine beautifully.",5.0 out of 5 stars,Verified Purchase,"Reviewed in the United States on June 19, 2025",
L'Oreal True Match Lumi Glotion,User_2555,"Not bad, but not for me",The glow is a bit too sparkly for my taste. I was expecting a more natural dewy finish.,3.0 out of 5 stars,Verified Purchase,"Reviewed in the United States on May 20, 2026",
L'Oreal True Match Lumi Glotion,User_1748,Perfect for no-makeup days,"When I don't want to wear foundation, I just put this on and it blurs imperfections while making my skin shine beautifully.",5.0 out of 5 stars,Verified Purchase,"Reviewed in the United States on November 29, 2025",15 people found this helpful
L'Oreal True Match Lumi Glotion,User_8760,Holy grail product,I have repurchased this three times. It makes my skin look so healthy. Better than expensive high-end alternatives!,5.0 out of 5 stars,Verified Purchase,"Reviewed in the United States on May 08, 2026",46 people found this helpful
L'Oreal True Match Lumi Glotion,User_2060,It's okay,It gives a nice glow but it doesn't last all day. It tends to fade after a few hours on my oily skin.,3.0 out of 5 stars,Verified Purchase,"Reviewed in the United States on February 07, 2026",2 people found this helpful
L'Oreal True Match Lumi Glotion,User_1912,Average glow lotion,"It does what it says, but I feel like I could get the same effect from mixing a liquid highlighter with my moisturizer.",3.0 out of 5 stars,Verified Purchase,"Reviewed in the United States on May 17, 2026",
L'Oreal True Match Lumi Glotion,User_5485,Perfect for no-makeup days,"When I don't want to wear foundation, I just put this on and it blurs imperfections while making my skin shine beautifully.",5.0 out of 5 stars,Verified Purchase,"Reviewed in the United States on January 19, 2026",10 people found this helpful
L'Oreal True Match Lumi Glotion,User_6273,Perfect for no-makeup days,"When I don't want to wear foundation, I just put this on and it blurs imperfections while making my skin shine beautifully.",5.0 out of 5 stars,Verified Purchase,"Reviewed in the United States on June 22, 2025",15 people found this helpful
L'Oreal True Match Lumi Glotion,User_7700,"Very nice, subtle glow","It's a great product, easily blendable. Taking one star off because the tube is a bit small, but a little goes a long way.",4.0 out of 5 stars,Verified Purchase,"Reviewed in the United States on February 12, 2026",21 people found this helpful
L'Oreal True Match Lumi Glotion,User_7121,Too glittery,This isn't a 'natural glow'. It has visible chunks of glitter in it. I look like a disco ball. Returning it.,1.0 out of 5 stars,Verified Purchase,"Reviewed in the United States on September 28, 2025",
L'Oreal True Match Lumi Glotion,User_3927,Good product,I like how it looks on my skin. Doesn't cause breakouts for me. The color match is pretty decent.,4.0 out of 5 stars,Verified Purchase,"Reviewed in the United States on October 23, 2025",
L'Oreal True Match Lumi Glotion,User_7798,Perfect for no-makeup days,"When I don't want to wear foundation, I just put this on and it blurs imperfections while making my skin shine beautifully.",5.0 out of 5 stars,Verified Purchase,"Reviewed in the United States on February 01, 2026",12 people found this helpful
L'Oreal True Match Lumi Glotion,User_2374,Good product,I like how it looks on my skin. Doesn't cause breakouts for me. The color match is pretty decent.,4.0 out of 5 stars,Verified Purchase,"Reviewed in the United States on May 01, 2026",
L'Oreal True Match Lumi Glotion,User_5186,Perfect for no-makeup days,"When I don't want to wear foundation, I just put this on and it blurs imperfections while making my skin shine beautifully.",5.0 out of 5 stars,Verified Purchase,"Reviewed in the United States on June 17, 2025",
L'Oreal True Match Lumi Glotion,User_4097,Average glow lotion,"It does what it says, but I feel like I could get the same effect from mixing a liquid highlighter with my moisturizer.",3.0 out of 5 stars,Verified Purchase,"Reviewed in the United States on August 22, 2025",
L'Oreal True Match Lumi Glotion,User_1240,It's okay,It gives a nice glow but it doesn't last all day. It tends to fade after a few hours on my oily skin.,3.0 out of 5 stars,Verified Purchase,"Reviewed in the United States on July 13, 2025",
L'Oreal True Match Lumi Glotion,User_6305,"Very nice, subtle glow","It's a great product, easily blendable. Taking one star off because the tube is a bit small, but a little goes a long way.",4.0 out of 5 stars,Verified Purchase,"Reviewed in the United States on June 09, 2025",
L'Oreal True Match Lumi Glotion,User_9954,Good product,I like how it looks on my skin. Doesn't cause breakouts for me. The color match is pretty decent.,4.0 out of 5 stars,Verified Purchase,"Reviewed in the United States on April 10, 2026",
L'Oreal True Match Lumi Glotion,User_7594,Average glow lotion,"It does what it says, but I feel like I could get the same effect from mixing a liquid highlighter with my moisturizer.",3.0 out of 5 stars,Verified Purchase,"Reviewed in the United States on March 26, 2026",
L'Oreal True Match Lumi Glotion,User_6618,Holy grail product,I have repurchased this three times. It makes my skin look so healthy. Better than expensive high-end alternatives!,5.0 out of 5 stars,Verified Purchase,"Reviewed in the United States on March 22, 2026",
L'Oreal True Match Lumi Glotion,User_6217,Good product,I like how it looks on my skin. Doesn't cause breakouts for me. The color match is pretty decent.,4.0 out of 5 stars,Verified Purchase,"Reviewed in the United States on November 26, 2025",
L'Oreal True Match Lumi Glotion,User_4355,Holy grail product,I have repurchased this three times. It makes my skin look so healthy. Better than expensive high-end alternatives!,5.0 out of 5 stars,Verified Purchase,"Reviewed in the United States on June 11, 2025",5 people found this helpful
L'Oreal True Match Lumi Glotion,User_1814,Good product,I like how it looks on my skin. Doesn't cause breakouts for me. The color match is pretty decent.,4.0 out of 5 stars,Verified Purchase,"Reviewed in the United States on April 12, 2026",
L'Oreal True Match Lumi Glotion,User_3419,Perfect for no-makeup days,"When I don't want to wear foundation, I just put this on and it blurs imperfections while making my skin shine beautifully.",5.0 out of 5 stars,Verified Purchase,"Reviewed in the United States on April 05, 2026",10 people found this helpful
L'Oreal True Match Lumi Glotion,User_7747,Absolutely love the glow!,"This glotion is amazing. It gives me such a natural, radiant glow without looking greasy. I use it under my foundation.",5.0 out of 5 stars,Verified Purchase,"Reviewed in the United States on November 10, 2025",
L'Oreal True Match Lumi Glotion,User_5189,Good product,I like how it looks on my skin. Doesn't cause breakouts for me. The color match is pretty decent.,4.0 out of 5 stars,Verified Purchase,"Reviewed in the United States on July 21, 2025",45 people found this helpful
L'Oreal True Match Lumi Glotion,User_8680,Good product,I like how it looks on my skin. Doesn't cause breakouts for me. The color match is pretty decent.,4.0 out of 5 stars,Verified Purchase,"Reviewed in the United States on August 27, 2025",
L'Oreal True Match Lumi Glotion,User_5739,Holy grail product,I have repurchased this three times. It makes my skin look so healthy. Better than expensive high-end alternatives!,5.0 out of 5 stars,Verified Purchase,"Reviewed in the United States on October 04, 2025",26 people found this helpful
L'Oreal True Match Lumi Glotion,User_6311,Perfect for no-makeup days,"When I don't want to wear foundation, I just put this on and it blurs imperfections while making my skin shine beautifully.",5.0 out of 5 stars,Verified Purchase,"Reviewed in the United States on January 24, 2026",
L'Oreal True Match Lumi Glotion,User_8911,"Very nice, subtle glow","It's a great product, easily blendable. Taking one star off because the tube is a bit small, but a little goes a long way.",4.0 out of 5 stars,Verified Purchase,"Reviewed in the United States on June 21, 2025",46 people found this helpful
L'Oreal True Match Lumi Glotion,User_1185,"Not bad, but not for me",The glow is a bit too sparkly for my taste. I was expecting a more natural dewy finish.,3.0 out of 5 stars,Verified Purchase,"Reviewed in the United States on August 13, 2025",46 people found this helpful
L'Oreal True Match Lumi Glotion,User_6731,It's okay,It gives a nice glow but it doesn't last all day. It tends to fade after a few hours on my oily skin.,3.0 out of 5 stars,Verified Purchase,"Reviewed in the United States on August 28, 2025",0 people found this helpful
L'Oreal True Match Lumi Glotion,User_2326,Absolutely love the glow!,"This glotion is amazing. It gives me such a natural, radiant glow without looking greasy. I use it under my foundation.",5.0 out of 5 stars,Verified Purchase,"Reviewed in the United States on October 17, 2025",
L'Oreal True Match Lumi Glotion,User_6992,Perfect for no-makeup days,"When I don't want to wear foundation, I just put this on and it blurs imperfections while making my skin shine beautifully.",5.0 out of 5 stars,Verified Purchase,"Reviewed in the United States on September 02, 2025",
L'Oreal True Match Lumi Glotion,User_2124,"Very nice, subtle glow","It's a great product, easily blendable. Taking one star off because the tube is a bit small, but a little goes a long way.",4.0 out of 5 stars,Verified Purchase,"Reviewed in the United States on November 24, 2025",32 people found this helpful
L'Oreal True Match Lumi Glotion,User_8438,Greasy feeling,It just sat on top of my skin and felt very heavy and greasy. Did not blend well with my other skincare products.,2.0 out of 5 stars,Verified Purchase,"Reviewed in the United States on March 17, 2026",15 people found this helpful
L'Oreal True Match Lumi Glotion,User_3455,"Not bad, but not for me",The glow is a bit too sparkly for my taste. I was expecting a more natural dewy finish.,3.0 out of 5 stars,Verified Purchase,"Reviewed in the United States on November 16, 2025",34 people found this helpful
L'Oreal True Match Lumi Glotion,User_2835,"Very nice, subtle glow","It's a great product, easily blendable. Taking one star off because the tube is a bit small, but a little goes a long way.",4.0 out of 5 stars,Verified Purchase,"Reviewed in the United States on March 17, 2026",43 people found this helpful
L'Oreal True Match Lumi Glotion,User_4382,Good product,I like how it looks on my skin. Doesn't cause breakouts for me. The color match is pretty decent.,4.0 out of 5 stars,Verified Purchase,"Reviewed in the United States on July 21, 2025",18 people found this helpful
L'Oreal True Match Lumi Glotion,User_1907,Holy grail product,I have repurchased this three times. It makes my skin look so healthy. Better than expensive high-end alternatives!,5.0 out of 5 stars,Verified Purchase,"Reviewed in the United States on July 16, 2025",31 people found this helpful
L'Oreal True Match Lumi Glotion,User_4910,Absolutely love the glow!,"This glotion is amazing. It gives me such a natural, radiant glow without looking greasy. I use it under my foundation.",5.0 out of 5 stars,Verified Purchase,"Reviewed in the United States on March 04, 2026",
L'Oreal True Match Lumi Glotion,User_8170,Too glittery,This isn't a 'natural glow'. It has visible chunks of glitter in it. I look like a disco ball. Returning it.,1.0 out of 5 stars,Verified Purchase,"Reviewed in the United States on September 03, 2025",2 people found this helpful
L'Oreal True Match Lumi Glotion,User_3898,Perfect for no-makeup days,"When I don't want to wear foundation, I just put this on and it blurs imperfections while making my skin shine beautifully.",5.0 out of 5 stars,Verified Purchase,"Reviewed in the United States on August 14, 2025",
L'Oreal True Match Lumi Glotion,User_3899,Good product,I like how it looks on my skin. Doesn't cause breakouts for me. The color match is pretty decent.,4.0 out of 5 stars,Verified Purchase,"Reviewed in the United States on September 15, 2025",12 people found this helpful
L'Oreal True Match Lumi Glotion,User_8580,Good product,I like how it looks on my skin. Doesn't cause breakouts for me. The color match is pretty decent.,4.0 out of 5 stars,Verified Purchase,"Reviewed in the United States on December 06, 2025",20 people found this helpful
L'Oreal True Match Lumi Glotion,User_9085,Good product,I like how it looks on my skin. Doesn't cause breakouts for me. The color match is pretty decent.,4.0 out of 5 stars,Verified Purchase,"Reviewed in the United States on March 03, 2026",
L'Oreal True Match Lumi Glotion,User_9995,Holy grail product,I have repurchased this three times. It makes my skin look so healthy. Better than expensive high-end alternatives!,5.0 out of 5 stars,Verified Purchase,"Reviewed in the United States on February 26, 2026",13 people found this helpful
L'Oreal True Match Lumi Glotion,User_6111,Absolutely love the glow!,"This glotion is amazing. It gives me such a natural, radiant glow without looking greasy. I use it under my foundation.",5.0 out of 5 stars,Verified Purchase,"Reviewed in the United States on February 07, 2026",45 people found this helpful
L'Oreal True Match Lumi Glotion,User_1059,Perfect for no-makeup days,"When I don't want to wear foundation, I just put this on and it blurs imperfections while making my skin shine beautifully.",5.0 out of 5 stars,Verified Purchase,"Reviewed in the United States on July 01, 2025",
L'Oreal True Match Lumi Glotion,User_6899,Made me break out,"Unfortunately, this clogged my pores and caused a breakout on my cheeks. Might not be suitable for acne-prone skin.",2.0 out of 5 stars,Verified Purchase,"Reviewed in the United States on May 02, 2026",
L'Oreal True Match Lumi Glotion,User_2183,Good product,I like how it looks on my skin. Doesn't cause breakouts for me. The color match is pretty decent.,4.0 out of 5 stars,Verified Purchase,"Reviewed in the United States on April 06, 2026",7 people found this helpful
L'Oreal True Match Lumi Glotion,User_5341,Perfect for no-makeup days,"When I don't want to wear foundation, I just put this on and it blurs imperfections while making my skin shine beautifully.",5.0 out of 5 stars,Verified Purchase,"Reviewed in the United States on December 24, 2025",
L'Oreal True Match Lumi Glotion,User_9925,Absolutely love the glow!,"This glotion is amazing. It gives me such a natural, radiant glow without looking greasy. I use it under my foundation.",5.0 out of 5 stars,Verified Purchase,"Reviewed in the United States on December 18, 2025",
L'Oreal True Match Lumi Glotion,User_2889,Holy grail product,I have repurchased this three times. It makes my skin look so healthy. Better than expensive high-end alternatives!,5.0 out of 5 stars,Verified Purchase,"Reviewed in the United States on August 27, 2025",48 people found this helpful
L'Oreal True Match Lumi Glotion,User_3593,Good product,I like how it looks on my skin. Doesn't cause breakouts for me. The color match is pretty decent.,4.0 out of 5 stars,Verified Purchase,"Reviewed in the United States on August 18, 2025",
L'Oreal True Match Lumi Glotion,User_4054,It's okay,It gives a nice glow but it doesn't last all day. It tends to fade after a few hours on my oily skin.,3.0 out of 5 stars,Verified Purchase,"Reviewed in the United States on February 22, 2026",
L'Oreal True Match Lumi Glotion,User_2029,Absolutely love the glow!,"This glotion is amazing. It gives me such a natural, radiant glow without looking greasy. I use it under my foundation.",5.0 out of 5 stars,Verified Purchase,"Reviewed in the United States on December 11, 2025",48 people found this helpful
L'Oreal True Match Lumi Glotion,User_1474,"Very nice, subtle glow","It's a great product, easily blendable. Taking one star off because the tube is a bit small, but a little goes a long way.",4.0 out of 5 stars,Verified Purchase,"Reviewed in the United States on May 10, 2026",48 people found this helpful
L'Oreal True Match Lumi Glotion,User_8121,Good product,I like how it looks on my skin. Doesn't cause breakouts for me. The color match is pretty decent.,4.0 out of 5 stars,Verified Purchase,"Reviewed in the United States on October 10, 2025",49 people found this helpful
L'Oreal True Match Lumi Glotion,User_1262,"Very nice, subtle glow","It's a great product, easily blendable. Taking one star off because the tube is a bit small, but a little goes a long way.",4.0 out of 5 stars,Verified Purchase,"Reviewed in the United States on August 19, 2025",15 people found this helpful
L'Oreal True Match Lumi Glotion,User_3506,Good product,I like how it looks on my skin. Doesn't cause breakouts for me. The color match is pretty decent.,4.0 out of 5 stars,Verified Purchase,"Reviewed in the United States on March 19, 2026",24 people found this helpful
L'Oreal True Match Lumi Glotion,User_8796,Perfect for no-makeup days,"When I don't want to wear foundation, I just put this on and it blurs imperfections while making my skin shine beautifully.",5.0 out of 5 stars,Verified Purchase,"Reviewed in the United States on September 26, 2025",
L'Oreal True Match Lumi Glotion,User_8165,Average glow lotion,"It does what it says, but I feel like I could get the same effect from mixing a liquid highlighter with my moisturizer.",3.0 out of 5 stars,Verified Purchase,"Reviewed in the United States on November 07, 2025",
L'Oreal True Match Lumi Glotion,User_4508,Average glow lotion,"It does what it says, but I feel like I could get the same effect from mixing a liquid highlighter with my moisturizer.",3.0 out of 5 stars,Verified Purchase,"Reviewed in the United States on July 02, 2025",
L'Oreal True Match Lumi Glotion,User_9259,Too glittery,This isn't a 'natural glow'. It has visible chunks of glitter in it. I look like a disco ball. Returning it.,1.0 out of 5 stars,Verified Purchase,"Reviewed in the United States on July 16, 2025",49 people found this helpful
L'Oreal True Match Lumi Glotion,User_2479,Holy grail product,I have repurchased this three times. It makes my skin look so healthy. Better than expensive high-end alternatives!,5.0 out of 5 stars,Verified Purchase,"Reviewed in the United States on March 03, 2026",45 people found this helpful
L'Oreal True Match Lumi Glotion,User_8937,"Very nice, subtle glow","It's a great product, easily blendable. Taking one star off because the tube is a bit small, but a little goes a long way.",4.0 out of 5 stars,Verified Purchase,"Reviewed in the United States on March 29, 2026",
L'Oreal True Match Lumi Glotion,User_4989,"Very nice, subtle glow","It's a great product, easily blendable. Taking one star off because the tube is a bit small, but a little goes a long way.",4.0 out of 5 stars,Verified Purchase,"Reviewed in the United States on March 27, 2026",27 people found this helpful
L'Oreal True Match Lumi Glotion,User_7678,Absolutely love the glow!,"This glotion is amazing. It gives me such a natural, radiant glow without looking greasy. I use it under my foundation.",5.0 out of 5 stars,Verified Purchase,"Reviewed in the United States on December 09, 2025",
L'Oreal True Match Lumi Glotion,User_2831,Good product,I like how it looks on my skin. Doesn't cause breakouts for me. The color match is pretty decent.,4.0 out of 5 stars,Verified Purchase,"Reviewed in the United States on January 14, 2026",33 people found this helpful
L'Oreal True Match Lumi Glotion,User_4609,"Not bad, but not for me",The glow is a bit too sparkly for my taste. I was expecting a more natural dewy finish.,3.0 out of 5 stars,Verified Purchase,"Reviewed in the United States on November 27, 2025",
L'Oreal True Match Lumi Glotion,User_4821,Holy grail product,I have repurchased this three times. It makes my skin look so healthy. Better than expensive high-end alternatives!,5.0 out of 5 stars,Verified Purchase,"Reviewed in the United States on June 21, 2025",22 people found this helpful
L'Oreal True Match Lumi Glotion,User_9949,Absolutely love the glow!,"This glotion is amazing. It gives me such a natural, radiant glow without looking greasy. I use it under my foundation.",5.0 out of 5 stars,Verified Purchase,"Reviewed in the United States on March 16, 2026",
L'Oreal True Match Lumi Glotion,User_1394,"Not bad, but not for me",The glow is a bit too sparkly for my taste. I was expecting a more natural dewy finish.,3.0 out of 5 stars,Verified Purchase,"Reviewed in the United States on June 24, 2025",2 people found this helpful
L'Oreal True Match Lumi Glotion,User_8017,It's okay,It gives a nice glow but it doesn't last all day. It tends to fade after a few hours on my oily skin.,3.0 out of 5 stars,Verified Purchase,"Reviewed in the United States on June 06, 2025",27 people found this helpful
L'Oreal True Match Lumi Glotion,User_5096,"Very nice, subtle glow","It's a great product, easily blendable. Taking one star off because the tube is a bit small, but a little goes a long way.",4.0 out of 5 stars,Verified Purchase,"Reviewed in the United States on July 04, 2025",
L'Oreal True Match Lumi Glotion,User_4877,Made me break out,"Unfortunately, this clogged my pores and caused a breakout on my cheeks. Might not be suitable for acne-prone skin.",2.0 out of 5 stars,Verified Purchase,"Reviewed in the United States on December 24, 2025",1 people found this helpful
L'Oreal True Match Lumi Glotion,User_8129,"Very nice, subtle glow","It's a great product, easily blendable. Taking one star off because the tube is a bit small, but a little goes a long way.",4.0 out of 5 stars,Verified Purchase,"Reviewed in the United States on February 18, 2026",
L'Oreal True Match Lumi Glotion,User_8858,Holy grail product,I have repurchased this three times. It makes my skin look so healthy. Better than expensive high-end alternatives!,5.0 out of 5 stars,Verified Purchase,"Reviewed in the United States on July 27, 2025",12 people found this helpful
L'Oreal True Match Lumi Glotion,User_9459,Average glow lotion,"It does what it says, but I feel like I could get the same effect from mixing a liquid highlighter with my moisturizer.",3.0 out of 5 stars,Verified Purchase,"Reviewed in the United States on January 15, 2026",5 people found this helpful
L'Oreal True Match Lumi Glotion,User_4567,Good product,I like how it looks on my skin. Doesn't cause breakouts for me. The color match is pretty decent.,4.0 out of 5 stars,Verified Purchase,"Reviewed in the United States on December 30, 2025",3 people found this helpful
L'Oreal True Match Lumi Glotion,User_4775,It's okay,It gives a nice glow but it doesn't last all day. It tends to fade after a few hours on my oily skin.,3.0 out of 5 stars,Verified Purchase,"Reviewed in the United States on December 05, 2025",
L'Oreal True Match Lumi Glotion,User_7724,It's okay,It gives a nice glow but it doesn't last all day. It tends to fade after a few hours on my oily skin.,3.0 out of 5 stars,Verified Purchase,"Reviewed in the United States on September 04, 2025",
L'Oreal True Match Lumi Glotion,User_2035,Holy grail product,I have repurchased this three times. It makes my skin look so healthy. Better than expensive high-end alternatives!,5.0 out of 5 stars,Verified Purchase,"Reviewed in the United States on February 23, 2026",
L'Oreal True Match Lumi Glotion,User_9563,"Very nice, subtle glow","It's a great product, easily blendable. Taking one star off because the tube is a bit small, but a little goes a long way.",4.0 out of 5 stars,Verified Purchase,"Reviewed in the United States on January 12, 2026",12 people found this helpful
L'Oreal True Match Lumi Glotion,User_9043,"Very nice, subtle glow","It's a great product, easily blendable. Taking one star off because the tube is a bit small, but a little goes a long way.",4.0 out of 5 stars,Verified Purchase,"Reviewed in the United States on January 24, 2026",
L'Oreal True Match Lumi Glotion,User_7673,Average glow lotion,"It does what it says, but I feel like I could get the same effect from mixing a liquid highlighter with my moisturizer.",3.0 out of 5 stars,Verified Purchase,"Reviewed in the United States on December 01, 2025",10 people found this helpful
L'Oreal True Match Lumi Glotion,User_6729,"Very nice, subtle glow","It's a great product, easily blendable. Taking one star off because the tube is a bit small, but a little goes a long way.",4.0 out of 5 stars,Verified Purchase,"Reviewed in the United States on December 08, 2025",10 people found this helpful
L'Oreal True Match Lumi Glotion,User_3985,Average glow lotion,"It does what it says, but I feel like I could get the same effect from mixing a liquid highlighter with my moisturizer.",3.0 out of 5 stars,Verified Purchase,"Reviewed in the United States on December 30, 2025",31 people found this helpful
L'Oreal True Match Lumi Glotion,User_5240,Good product,I like how it looks on my skin. Doesn't cause breakouts for me. The color match is pretty decent.,4.0 out of 5 stars,Verified Purchase,"Reviewed in the United States on January 10, 2026",
L'Oreal True Match Lumi Glotion,User_8189,"Very nice, subtle glow","It's a great product, easily blendable. Taking one star off because the tube is a bit small, but a little goes a long way.",4.0 out of 5 stars,Verified Purchase,"Reviewed in the United States on January 30, 2026",48 people found this helpful
L'Oreal True Match Lumi Glotion,User_8672,Holy grail product,I have repurchased this three times. It makes my skin look so healthy. Better than expensive high-end alternatives!,5.0 out of 5 stars,Verified Purchase,"Reviewed in the United States on August 28, 2025",17 people found this helpful
L'Oreal True Match Lumi Glotion,User_1096,"Very nice, subtle glow","It's a great product, easily blendable. Taking one star off because the tube is a bit small, but a little goes a long way.",4.0 out of 5 stars,Verified Purchase,"Reviewed in the United States on October 24, 2025",
L'Oreal True Match Lumi Glotion,User_1542,It's okay,It gives a nice glow but it doesn't last all day. It tends to fade after a few hours on my oily skin.,3.0 out of 5 stars,Verified Purchase,"Reviewed in the United States on June 27, 2025",30 people found this helpful
L'Oreal True Match Lumi Glotion,User_2775,Too glittery,This isn't a 'natural glow'. It has visible chunks of glitter in it. I look like a disco ball. Returning it.,1.0 out of 5 stars,Verified Purchase,"Reviewed in the United States on May 26, 2025",
L'Oreal True Match Lumi Glotion,User_5707,Good product,I like how it looks on my skin. Doesn't cause breakouts for me. The color match is pretty decent.,4.0 out of 5 stars,Verified Purchase,"Reviewed in the United States on September 27, 2025",
L'Oreal True Match Lumi Glotion,User_4911,Average glow lotion,"It does what it says, but I feel like I could get the same effect from mixing a liquid highlighter with my moisturizer.",3.0 out of 5 stars,Verified Purchase,"Reviewed in the United States on August 09, 2025",
L'Oreal True Match Lumi Glotion,User_4865,Holy grail product,I have repurchased this three times. It makes my skin look so healthy. Better than expensive high-end alternatives!,5.0 out of 5 stars,Verified Purchase,"Reviewed in the United States on January 05, 2026",2 people found this helpful
L'Oreal True Match Lumi Glotion,User_4726,Greasy feeling,It just sat on top of my skin and felt very heavy and greasy. Did not blend well with my other skincare products.,2.0 out of 5 stars,Verified Purchase,"Reviewed in the United States on October 19, 2025",
L'Oreal True Match Lumi Glotion,User_4066,Good product,I like how it looks on my skin. Doesn't cause breakouts for me. The color match is pretty decent.,4.0 out of 5 stars,Verified Purchase,"Reviewed in the United States on May 10, 2026",
L'Oreal True Match Lumi Glotion,User_4743,Holy grail product,I have repurchased this three times. It makes my skin look so healthy. Better than expensive high-end alternatives!,5.0 out of 5 stars,Verified Purchase,"Reviewed in the United States on January 03, 2026",16 people found this helpful
L'Oreal True Match Lumi Glotion,User_8554,"Very nice, subtle glow","It's a great product, easily blendable. Taking one star off because the tube is a bit small, but a little goes a long way.",4.0 out of 5 stars,Verified Purchase,"Reviewed in the United States on August 19, 2025",
L'Oreal True Match Lumi Glotion,User_1245,Absolutely love the glow!,"This glotion is amazing. It gives me such a natural, radiant glow without looking greasy. I use it under my foundation.",5.0 out of 5 stars,Verified Purchase,"Reviewed in the United States on June 19, 2025",
L'Oreal True Match Lumi Glotion,User_3279,It's okay,It gives a nice glow but it doesn't last all day. It tends to fade after a few hours on my oily skin.,3.0 out of 5 stars,Verified Purchase,"Reviewed in the United States on July 19, 2025",26 people found this helpful
L'Oreal True Match Lumi Glotion,User_7863,Holy grail product,I have repurchased this three times. It makes my skin look so healthy. Better than expensive high-end alternatives!,5.0 out of 5 stars,Verified Purchase,"Reviewed in the United States on April 14, 2026",22 people found this helpful
L'Oreal True Match Lumi Glotion,User_3086,Made me break out,"Unfortunately, this clogged my pores and caused a breakout on my cheeks. Might not be suitable for acne-prone skin.",2.0 out of 5 stars,Verified Purchase,"Reviewed in the United States on April 14, 2026",
L'Oreal True Match Lumi Glotion,User_3689,Holy grail product,I have repurchased this three times. It makes my skin look so healthy. Better than expensive high-end alternatives!,5.0 out of 5 stars,Verified Purchase,"Reviewed in the United States on December 05, 2025",38 people found this helpful
L'Oreal True Match Lumi Glotion,User_1270,Good product,I like how it looks on my skin. Doesn't cause breakouts for me. The color match is pretty decent.,4.0 out of 5 stars,Verified Purchase,"Reviewed in the United States on May 08, 2026",
L'Oreal True Match Lumi Glotion,User_7619,Absolutely love the glow!,"This glotion is amazing. It gives me such a natural, radiant glow without looking greasy. I use it under my foundation.",5.0 out of 5 stars,Verified Purchase,"Reviewed in the United States on January 03, 2026",17 people found this helpful
L'Oreal True Match Lumi Glotion,User_4599,"Very nice, subtle glow","It's a great product, easily blendable. Taking one star off because the tube is a bit small, but a little goes a long way.",4.0 out of 5 stars,Verified Purchase,"Reviewed in the United States on March 20, 2026",27 people found this helpful
L'Oreal True Match Lumi Glotion,User_4972,Absolutely love the glow!,"This glotion is amazing. It gives me such a natural, radiant glow without looking greasy. I use it under my foundation.",5.0 out of 5 stars,Verified Purchase,"Reviewed in the United States on February 18, 2026",
L'Oreal True Match Lumi Glotion,User_2092,Holy grail product,I have repurchased this three times. It makes my skin look so healthy. Better than expensive high-end alternatives!,5.0 out of 5 stars,Verified Purchase,"Reviewed in the United States on May 18, 2026",
L'Oreal True Match Lumi Glotion,User_2628,Absolutely love the glow!,"This glotion is amazing. It gives me such a natural, radiant glow without looking greasy. I use it under my foundation.",5.0 out of 5 stars,Verified Purchase,"Reviewed in the United States on October 26, 2025",
L'Oreal True Match Lumi Glotion,User_2346,Holy grail product,I have repurchased this three times. It makes my skin look so healthy. Better than expensive high-end alternatives!,5.0 out of 5 stars,Verified Purchase,"Reviewed in the United States on July 17, 2025",28 people found this helpful
L'Oreal True Match Lumi Glotion,User_3718,Perfect for no-makeup days,"When I don't want to wear foundation, I just put this on and it blurs imperfections while making my skin shine beautifully.",5.0 out of 5 stars,Verified Purchase,"Reviewed in the United States on January 08, 2026",0 people found this helpful
L'Oreal True Match Lumi Glotion,User_4459,Perfect for no-makeup days,"When I don't want to wear foundation, I just put this on and it blurs imperfections while making my skin shine beautifully.",5.0 out of 5 stars,Verified Purchase,"Reviewed in the United States on February 11, 2026",12 people found this helpful
L'Oreal True Match Lumi Glotion,User_9972,Holy grail product,I have repurchased this three times. It makes my skin look so healthy. Better than expensive high-end alternatives!,5.0 out of 5 stars,Verified Purchase,"Reviewed in the United States on July 02, 2025",
L'Oreal True Match Lumi Glotion,User_9759,Too glittery,This isn't a 'natural glow'. It has visible chunks of glitter in it. I look like a disco ball. Returning it.,1.0 out of 5 stars,Verified Purchase,"Reviewed in the United States on March 28, 2026",20 people found this helpful
L'Oreal True Match Lumi Glotion,User_5139,Perfect for no-makeup days,"When I don't want to wear foundation, I just put this on and it blurs imperfections while making my skin shine beautifully.",5.0 out of 5 stars,Verified Purchase,"Reviewed in the United States on September 17, 2025",
L'Oreal True Match Lumi Glotion,User_4055,Good product,I like how it looks on my skin. Doesn't cause breakouts for me. The color match is pretty decent.,4.0 out of 5 stars,Verified Purchase,"Reviewed in the United States on June 30, 2025",7 people found this helpful
L'Oreal True Match Lumi Glotion,User_2346,Good product,I like how it looks on my skin. Doesn't cause breakouts for me. The color match is pretty decent.,4.0 out of 5 stars,Verified Purchase,"Reviewed in the United States on August 05, 2025",
L'Oreal True Match Lumi Glotion,User_1216,"Very nice, subtle glow","It's a great product, easily blendable. Taking one star off because the tube is a bit small, but a little goes a long way.",4.0 out of 5 stars,Verified Purchase,"Reviewed in the United States on October 03, 2025",22 people found this helpful
L'Oreal True Match Lumi Glotion,User_6932,"Not bad, but not for me",The glow is a bit too sparkly for my taste. I was expecting a more natural dewy finish.,3.0 out of 5 stars,Verified Purchase,"Reviewed in the United States on January 04, 2026",20 people found this helpful
L'Oreal True Match Lumi Glotion,User_5745,Good product,I like how it looks on my skin. Doesn't cause breakouts for me. The color match is pretty decent.,4.0 out of 5 stars,Verified Purchase,"Reviewed in the United States on April 05, 2026",24 people found this helpful
L'Oreal True Match Lumi Glotion,User_8073,Absolutely love the glow!,"This glotion is amazing. It gives me such a natural, radiant glow without looking greasy. I use it under my foundation.",5.0 out of 5 stars,Verified Purchase,"Reviewed in the United States on October 14, 2025",
L'Oreal True Match Lumi Glotion,User_3852,Absolutely love the glow!,"This glotion is amazing. It gives me such a natural, radiant glow without looking greasy. I use it under my foundation.",5.0 out of 5 stars,Verified Purchase,"Reviewed in the United States on August 08, 2025",
L'Oreal True Match Lumi Glotion,User_1134,Holy grail product,I have repurchased this three times. It makes my skin look so healthy. Better than expensive high-end alternatives!,5.0 out of 5 stars,Verified Purchase,"Reviewed in the United States on March 01, 2026",
L'Oreal True Match Lumi Glotion,User_3823,Good product,I like how it looks on my skin. Doesn't cause breakouts for me. The color match is pretty decent.,4.0 out of 5 stars,Verified Purchase,"Reviewed in the United States on August 10, 2025",40 people found this helpful
L'Oreal True Match Lumi Glotion,User_3791,Good product,I like how it looks on my skin. Doesn't cause breakouts for me. The color match is pretty decent.,4.0 out of 5 stars,Verified Purchase,"Reviewed in the United States on April 04, 2026",
L'Oreal True Match Lumi Glotion,User_8038,"Not bad, but not for me",The glow is a bit too sparkly for my taste. I was expecting a more natural dewy finish.,3.0 out of 5 stars,Verified Purchase,"Reviewed in the United States on October 12, 2025",33 people found this helpful
L'Oreal True Match Lumi Glotion,User_2311,Holy grail product,I have repurchased this three times. It makes my skin look so healthy. Better than expensive high-end alternatives!,5.0 out of 5 stars,Verified Purchase,"Reviewed in the United States on September 03, 2025",
L'Oreal True Match Lumi Glotion,User_7130,Perfect for no-makeup days,"When I don't want to wear foundation, I just put this on and it blurs imperfections while making my skin shine beautifully.",5.0 out of 5 stars,Verified Purchase,"Reviewed in the United States on July 07, 2025",46 people found this helpful
L'Oreal True Match Lumi Glotion,User_3859,"Very nice, subtle glow","It's a great product, easily blendable. Taking one star off because the tube is a bit small, but a little goes a long way.",4.0 out of 5 stars,Verified Purchase,"Reviewed in the United States on September 16, 2025",22 people found this helpful
L'Oreal True Match Lumi Glotion,User_4013,It's okay,It gives a nice glow but it doesn't last all day. It tends to fade after a few hours on my oily skin.,3.0 out of 5 stars,Verified Purchase,"Reviewed in the United States on November 15, 2025",
L'Oreal True Match Lumi Glotion,User_7622,Made me break out,"Unfortunately, this clogged my pores and caused a breakout on my cheeks. Might not be suitable for acne-prone skin.",2.0 out of 5 stars,Verified Purchase,"Reviewed in the United States on October 07, 2025",43 people found this helpful
L'Oreal True Match Lumi Glotion,User_8199,It's okay,It gives a nice glow but it doesn't last all day. It tends to fade after a few hours on my oily skin.,3.0 out of 5 stars,Verified Purchase,"Reviewed in the United States on February 23, 2026",
L'Oreal True Match Lumi Glotion,User_1388,Perfect for no-makeup days,"When I don't want to wear foundation, I just put this on and it blurs imperfections while making my skin shine beautifully.",5.0 out of 5 stars,Verified Purchase,"Reviewed in the United States on October 04, 2025",
L'Oreal True Match Lumi Glotion,User_2031,Good product,I like how it looks on my skin. Doesn't cause breakouts for me. The color match is pretty decent.,4.0 out of 5 stars,Verified Purchase,"Reviewed in the United States on December 31, 2025",20 people found this helpful
L'Oreal True Match Lumi Glotion,User_4882,Holy grail product,I have repurchased this three times. It makes my skin look so healthy. Better than expensive high-end alternatives!,5.0 out of 5 stars,Verified Purchase,"Reviewed in the United States on June 10, 2025",9 people found this helpful
L'Oreal True Match Lumi Glotion,User_3719,Perfect for no-makeup days,"When I don't want to wear foundation, I just put this on and it blurs imperfections while making my skin shine beautifully.",5.0 out of 5 stars,Verified Purchase,"Reviewed in the United States on September 13, 2025",0 people found this helpful
L'Oreal True Match Lumi Glotion,User_6715,Too glittery,This isn't a 'natural glow'. It has visible chunks of glitter in it. I look like a disco ball. Returning it.,1.0 out of 5 stars,Verified Purchase,"Reviewed in the United States on April 17, 2026",29 people found this helpful
L'Oreal True Match Lumi Glotion,User_4239,"Not bad, but not for me",The glow is a bit too sparkly for my taste. I was expecting a more natural dewy finish.,3.0 out of 5 stars,Verified Purchase,"Reviewed in the United States on February 14, 2026",14 people found this helpful
L'Oreal True Match Lumi Glotion,User_3948,"Very nice, subtle glow","It's a great product, easily blendable. Taking one star off because the tube is a bit small, but a little goes a long way.",4.0 out of 5 stars,Verified Purchase,"Reviewed in the United States on May 30, 2025",0 people found this helpful
L'Oreal True Match Lumi Glotion,User_7505,Made me break out,"Unfortunately, this clogged my pores and caused a breakout on my cheeks. Might not be suitable for acne-prone skin.",2.0 out of 5 stars,Verified Purchase,"Reviewed in the United States on January 08, 2026",
L'Oreal True Match Lumi Glotion,User_7975,Good product,I like how it looks on my skin. Doesn't cause breakouts for me. The color match is pretty decent.,4.0 out of 5 stars,Verified Purchase,"Reviewed in the United States on January 09, 2026",
L'Oreal True Match Lumi Glotion,User_4581,Good product,I like how it looks on my skin. Doesn't cause breakouts for me. The color match is pretty decent.,4.0 out of 5 stars,Verified Purchase,"Reviewed in the United States on May 16, 2026",
L'Oreal True Match Lumi Glotion,User_2018,It's okay,It gives a nice glow but it doesn't last all day. It tends to fade after a few hours on my oily skin.,3.0 out of 5 stars,Verified Purchase,"Reviewed in the United States on February 06, 2026",28 people found this helpful
L'Oreal True Match Lumi Glotion,User_6989,Good product,I like how it looks on my skin. Doesn't cause breakouts for me. The color match is pretty decent.,4.0 out of 5 stars,Verified Purchase,"Reviewed in the United States on June 03, 2025",1 people found this helpful
L'Oreal True Match Lumi Glotion,User_1963,Average glow lotion,"It does what it says, but I feel like I could get the same effect from mixing a liquid highlighter with my moisturizer.",3.0 out of 5 stars,Verified Purchase,"Reviewed in the United States on October 23, 2025",
L'Oreal True Match Lumi Glotion,User_6044,It's okay,It gives a nice glow but it doesn't last all day. It tends to fade after a few hours on my oily skin.,3.0 out of 5 stars,Verified Purchase,"Reviewed in the United States on January 10, 2026",
L'Oreal True Match Lumi Glotion,User_6363,Absolutely love the glow!,"This glotion is amazing. It gives me such a natural, radiant glow without looking greasy. I use it under my foundation.",5.0 out of 5 stars,Verified Purchase,"Reviewed in the United States on March 01, 2026",46 people found this helpful
L'Oreal True Match Lumi Glotion,User_3131,It's okay,It gives a nice glow but it doesn't last all day. It tends to fade after a few hours on my oily skin.,3.0 out of 5 stars,Verified Purchase,"Reviewed in the United States on July 30, 2025",
L'Oreal True Match Lumi Glotion,User_3514,Perfect for no-makeup days,"When I don't want to wear foundation, I just put this on and it blurs imperfections while making my skin shine beautifully.",5.0 out of 5 stars,Verified Purchase,"Reviewed in the United States on April 16, 2026",
L'Oreal True Match Lumi Glotion,User_2743,Absolutely love the glow!,"This glotion is amazing. It gives me such a natural, radiant glow without looking greasy. I use it under my foundation.",5.0 out of 5 stars,Verified Purchase,"Reviewed in the United States on August 28, 2025",44 people found this helpful
L'Oreal True Match Lumi Glotion,User_6725,Average glow lotion,"It does what it says, but I feel like I could get the same effect from mixing a liquid highlighter with my moisturizer.",3.0 out of 5 stars,Verified Purchase,"Reviewed in the United States on June 07, 2025",
L'Oreal True Match Lumi Glotion,User_3113,Good product,I like how it looks on my skin. Doesn't cause breakouts for me. The color match is pretty decent.,4.0 out of 5 stars,Verified Purchase,"Reviewed in the United States on November 03, 2025",16 people found this helpful
L'Oreal True Match Lumi Glotion,User_1164,It's okay,It gives a nice glow but it doesn't last all day. It tends to fade after a few hours on my oily skin.,3.0 out of 5 stars,Verified Purchase,"Reviewed in the United States on June 27, 2025",27 people found this helpful
L'Oreal True Match Lumi Glotion,User_8079,Absolutely love the glow!,"This glotion is amazing. It gives me such a natural, radiant glow without looking greasy. I use it under my foundation.",5.0 out of 5 stars,Verified Purchase,"Reviewed in the United States on January 23, 2026",
L'Oreal True Match Lumi Glotion,User_1010,Perfect for no-makeup days,"When I don't want to wear foundation, I just put this on and it blurs imperfections while making my skin shine beautifully.",5.0 out of 5 stars,Verified Purchase,"Reviewed in the United States on August 23, 2025",
L'Oreal True Match Lumi Glotion,User_4763,Perfect for no-makeup days,"When I don't want to wear foundation, I just put this on and it blurs imperfections while making my skin shine beautifully.",5.0 out of 5 stars,Verified Purchase,"Reviewed in the United States on May 25, 2025",
L'Oreal True Match Lumi Glotion,User_3218,Absolutely love the glow!,"This glotion is amazing. It gives me such a natural, radiant glow without looking greasy. I use it under my foundation.",5.0 out of 5 stars,Verified Purchase,"Reviewed in the United States on May 20, 2025",
L'Oreal True Match Lumi Glotion,User_8932,Absolutely love the glow!,"This glotion is amazing. It gives me such a natural, radiant glow without looking greasy. I use it under my foundation.",5.0 out of 5 stars,Verified Purchase,"Reviewed in the United States on January 23, 2026",18 people found this helpful
L'Oreal True Match Lumi Glotion,User_6175,It's okay,It gives a nice glow but it doesn't last all day. It tends to fade after a few hours on my oily skin.,3.0 out of 5 stars,Verified Purchase,"Reviewed in the United States on October 26, 2025",43 people found this helpful
L'Oreal True Match Lumi Glotion,User_6117,Good product,I like how it looks on my skin. Doesn't cause breakouts for me. The color match is pretty decent.,4.0 out of 5 stars,Verified Purchase,"Reviewed in the United States on August 09, 2025",22 people found this helpful
L'Oreal True Match Lumi Glotion,User_4055,Perfect for no-makeup days,"When I don't want to wear foundation, I just put this on and it blurs imperfections while making my skin shine beautifully.",5.0 out of 5 stars,Verified Purchase,"Reviewed in the United States on December 15, 2025",
L'Oreal True Match Lumi Glotion,User_2059,Average glow lotion,"It does what it says, but I feel like I could get the same effect from mixing a liquid highlighter with my moisturizer.",3.0 out of 5 stars,Verified Purchase,"Reviewed in the United States on November 17, 2025",31 people found this helpful
L'Oreal True Match Lumi Glotion,User_8924,Perfect for no-makeup days,"When I don't want to wear foundation, I just put this on and it blurs imperfections while making my skin shine beautifully.",5.0 out of 5 stars,Verified Purchase,"Reviewed in the United States on December 14, 2025",31 people found this helpful
L'Oreal True Match Lumi Glotion,User_2085,It's okay,It gives a nice glow but it doesn't last all day. It tends to fade after a few hours on my oily skin.,3.0 out of 5 stars,Verified Purchase,"Reviewed in the United States on August 01, 2025",39 people found this helpful
L'Oreal True Match Lumi Glotion,User_6980,Holy grail product,I have repurchased this three times. It makes my skin look so healthy. Better than expensive high-end alternatives!,5.0 out of 5 stars,Verified Purchase,"Reviewed in the United States on December 05, 2025",
L'Oreal True Match Lumi Glotion,User_6248,Absolutely love the glow!,"This glotion is amazing. It gives me such a natural, radiant glow without looking greasy. I use it under my foundation.",5.0 out of 5 stars,Verified Purchase,"Reviewed in the United States on October 30, 2025",23 people found this helpful
L'Oreal True Match Lumi Glotion,User_2845,Absolutely love the glow!,"This glotion is amazing. It gives me such a natural, radiant glow without looking greasy. I use it under my foundation.",5.0 out of 5 stars,Verified Purchase,"Reviewed in the United States on February 23, 2026",
L'Oreal True Match Lumi Glotion,User_9584,Greasy feeling,It just sat on top of my skin and felt very heavy and greasy. Did not blend well with my other skincare products.,2.0 out of 5 stars,Verified Purchase,"Reviewed in the United States on October 26, 2025",
L'Oreal True Match Lumi Glotion,User_5205,Average glow lotion,"It does what it says, but I feel like I could get the same effect from mixing a liquid highlighter with my moisturizer.",3.0 out of 5 stars,Verified Purchase,"Reviewed in the United States on February 20, 2026",21 people found this helpful
L'Oreal True Match Lumi Glotion,User_8964,Too glittery,This isn't a 'natural glow'. It has visible chunks of glitter in it. I look like a disco ball. Returning it.,1.0 out of 5 stars,Verified Purchase,"Reviewed in the United States on August 12, 2025",
L'Oreal True Match Lumi Glotion,User_2822,Absolutely love the glow!,"This glotion is amazing. It gives me such a natural, radiant glow without looking greasy. I use it under my foundation.",5.0 out of 5 stars,Verified Purchase,"Reviewed in the United States on September 08, 2025",21 people found this helpful
L'Oreal True Match Lumi Glotion,User_8368,Too glittery,This isn't a 'natural glow'. It has visible chunks of glitter in it. I look like a disco ball. Returning it.,1.0 out of 5 stars,Verified Purchase,"Reviewed in the United States on November 19, 2025",
L'Oreal True Match Lumi Glotion,User_7765,Holy grail product,I have repurchased this three times. It makes my skin look so healthy. Better than expensive high-end alternatives!,5.0 out of 5 stars,Verified Purchase,"Reviewed in the United States on May 11, 2026",
L'Oreal True Match Lumi Glotion,User_3724,Average glow lotion,"It does what it says, but I feel like I could get the same effect from mixing a liquid highlighter with my moisturizer.",3.0 out of 5 stars,Verified Purchase,"Reviewed in the United States on January 10, 2026",46 people found this helpful
L'Oreal True Match Lumi Glotion,User_1110,Good product,I like how it looks on my skin. Doesn't cause breakouts for me. The color match is pretty decent.,4.0 out of 5 stars,Verified Purchase,"Reviewed in the United States on May 06, 2026",26 people found this helpful
L'Oreal True Match Lumi Glotion,User_8574,Good product,I like how it looks on my skin. Doesn't cause breakouts for me. The color match is pretty decent.,4.0 out of 5 stars,Verified Purchase,"Reviewed in the United States on June 24, 2025",14 people found this helpful
L'Oreal True Match Lumi Glotion,User_4327,"Not bad, but not for me",The glow is a bit too sparkly for my taste. I was expecting a more natural dewy finish.,3.0 out of 5 stars,Verified Purchase,"Reviewed in the United States on June 26, 2025",8 people found this helpful
L'Oreal True Match Lumi Glotion,User_2358,Good product,I like how it looks on my skin. Doesn't cause breakouts for me. The color match is pretty decent.,4.0 out of 5 stars,Verified Purchase,"Reviewed in the United States on May 19, 2026",50 people found this helpful
L'Oreal True Match Lumi Glotion,User_6659,Perfect for no-makeup days,"When I don't want to wear foundation, I just put this on and it blurs imperfections while making my skin shine beautifully.",5.0 out of 5 stars,Verified Purchase,"Reviewed in the United States on October 11, 2025",
L'Oreal True Match Lumi Glotion,User_7612,It's okay,It gives a nice glow but it doesn't last all day. It tends to fade after a few hours on my oily skin.,3.0 out of 5 stars,Verified Purchase,"Reviewed in the United States on January 16, 2026",
L'Oreal True Match Lumi Glotion,User_6354,Holy grail product,I have repurchased this three times. It makes my skin look so healthy. Better than expensive high-end alternatives!,5.0 out of 5 stars,Verified Purchase,"Reviewed in the United States on August 01, 2025",48 people found this helpful
L'Oreal True Match Lumi Glotion,User_2870,It's okay,It gives a nice glow but it doesn't last all day. It tends to fade after a few hours on my oily skin.,3.0 out of 5 stars,Verified Purchase,"Reviewed in the United States on December 27, 2025",
L'Oreal True Match Lumi Glotion,User_1113,"Very nice, subtle glow","It's a great product, easily blendable. Taking one star off because the tube is a bit small, but a little goes a long way.",4.0 out of 5 stars,Verified Purchase,"Reviewed in the United States on July 29, 2025",4 people found this helpful
L'Oreal True Match Lumi Glotion,User_8326,Holy grail product,I have repurchased this three times. It makes my skin look so healthy. Better than expensive high-end alternatives!,5.0 out of 5 stars,Verified Purchase,"Reviewed in the United States on February 19, 2026",
L'Oreal True Match Lumi Glotion,User_4319,Perfect for no-makeup days,"When I don't want to wear foundation, I just put this on and it blurs imperfections while making my skin shine beautifully.",5.0 out of 5 stars,Verified Purchase,"Reviewed in the United States on April 02, 2026",41 people found this helpful
L'Oreal True Match Lumi Glotion,User_2580,Made me break out,"Unfortunately, this clogged my pores and caused a breakout on my cheeks. Might not be suitable for acne-prone skin.",2.0 out of 5 stars,Verified Purchase,"Reviewed in the United States on December 04, 2025",
L'Oreal True Match Lumi Glotion,User_2593,Absolutely love the glow!,"This glotion is amazing. It gives me such a natural, radiant glow without looking greasy. I use it under my foundation.",5.0 out of 5 stars,Verified Purchase,"Reviewed in the United States on August 20, 2025",34 people found this helpful
L'Oreal True Match Lumi Glotion,User_6620,Made me break out,"Unfortunately, this clogged my pores and caused a breakout on my cheeks. Might not be suitable for acne-prone skin.",2.0 out of 5 stars,Verified Purchase,"Reviewed in the United States on November 16, 2025",34 people found this helpful
L'Oreal True Match Lumi Glotion,User_2852,Good product,I like how it looks on my skin. Doesn't cause breakouts for me. The color match is pretty decent.,4.0 out of 5 stars,Verified Purchase,"Reviewed in the United States on March 29, 2026",39 people found this helpful
L'Oreal True Match Lumi Glotion,User_1726,Perfect for no-makeup days,"When I don't want to wear foundation, I just put this on and it blurs imperfections while making my skin shine beautifully.",5.0 out of 5 stars,Verified Purchase,"Reviewed in the United States on July 27, 2025",20 people found this helpful
L'Oreal True Match Lumi Glotion,User_4173,Average glow lotion,"It does what it says, but I feel like I could get the same effect from mixing a liquid highlighter with my moisturizer.",3.0 out of 5 stars,Verified Purchase,"Reviewed in the United States on June 29, 2025",
L'Oreal True Match Lumi Glotion,User_6971,Terrible packaging,The product exploded when I opened it. So much wasted product. The formula is okay but the tube is badly designed.,1.0 out of 5 stars,Verified Purchase,"Reviewed in the United States on July 08, 2025",42 people found this helpful
L'Oreal True Match Lumi Glotion,User_7708,Made me break out,"Unfortunately, this clogged my pores and caused a breakout on my cheeks. Might not be suitable for acne-prone skin.",2.0 out of 5 stars,Verified Purchase,"Reviewed in the United States on January 27, 2026",
L'Oreal True Match Lumi Glotion,User_1771,Good product,I like how it looks on my skin. Doesn't cause breakouts for me. The color match is pretty decent.,4.0 out of 5 stars,Verified Purchase,"Reviewed in the United States on April 11, 2026",
L'Oreal True Match Lumi Glotion,User_5261,Holy grail product,I have repurchased this three times. It makes my skin look so healthy. Better than expensive high-end alternatives!,5.0 out of 5 stars,Verified Purchase,"Reviewed in the United States on April 05, 2026",25 people found this helpful
L'Oreal True Match Lumi Glotion,User_7872,Holy grail product,I have repurchased this three times. It makes my skin look so healthy. Better than expensive high-end alternatives!,5.0 out of 5 stars,Verified Purchase,"Reviewed in the United States on May 21, 2025",14 people found this helpful
L'Oreal True Match Lumi Glotion,User_3005,Greasy feeling,It just sat on top of my skin and felt very heavy and greasy. Did not blend well with my other skincare products.,2.0 out of 5 stars,Verified Purchase,"Reviewed in the United States on March 10, 2026",
L'Oreal True Match Lumi Glotion,User_8724,"Not bad, but not for me",The glow is a bit too sparkly for my taste. I was expecting a more natural dewy finish.,3.0 out of 5 stars,Verified Purchase,"Reviewed in the United States on September 07, 2025",
L'Oreal True Match Lumi Glotion,User_5644,Good product,I like how it looks on my skin. Doesn't cause breakouts for me. The color match is pretty decent.,4.0 out of 5 stars,Verified Purchase,"Reviewed in the United States on September 20, 2025",30 people found this helpful
L'Oreal True Match Lumi Glotion,User_1007,"Not bad, but not for me",The glow is a bit too sparkly for my taste. I was expecting a more natural dewy finish.,3.0 out of 5 stars,Verified Purchase,"Reviewed in the United States on October 18, 2025",
L'Oreal True Match Lumi Glotion,User_5395,Holy grail product,I have repurchased this three times. It makes my skin look so healthy. Better than expensive high-end alternatives!,5.0 out of 5 stars,Verified Purchase,"Reviewed in the United States on August 04, 2025",
L'Oreal True Match Lumi Glotion,User_8274,Holy grail product,I have repurchased this three times. It makes my skin look so healthy. Better than expensive high-end alternatives!,5.0 out of 5 stars,Verified Purchase,"Reviewed in the United States on November 19, 2025",
L'Oreal True Match Lumi Glotion,User_9437,Absolutely love the glow!,"This glotion is amazing. It gives me such a natural, radiant glow without looking greasy. I use it under my foundation.",5.0 out of 5 stars,Verified Purchase,"Reviewed in the United States on September 04, 2025",41 people found this helpful
L'Oreal True Match Lumi Glotion,User_4682,Perfect for no-makeup days,"When I don't want to wear foundation, I just put this on and it blurs imperfections while making my skin shine beautifully.",5.0 out of 5 stars,Verified Purchase,"Reviewed in the United States on February 07, 2026",46 people found this helpful
L'Oreal True Match Lumi Glotion,User_3042,Perfect for no-makeup days,"When I don't want to wear foundation, I just put this on and it blurs imperfections while making my skin shine beautifully.",5.0 out of 5 stars,Verified Purchase,"Reviewed in the United States on June 18, 2025",
L'Oreal True Match Lumi Glotion,User_7453,Too glittery,This isn't a 'natural glow'. It has visible chunks of glitter in it. I look like a disco ball. Returning it.,1.0 out of 5 stars,Verified Purchase,"Reviewed in the United States on January 05, 2026",
L'Oreal True Match Lumi Glotion,User_8479,Good product,I like how it looks on my skin. Doesn't cause breakouts for me. The color match is pretty decent.,4.0 out of 5 stars,Verified Purchase,"Reviewed in the United States on September 21, 2025",
L'Oreal True Match Lumi Glotion,User_9350,Average glow lotion,"It does what it says, but I feel like I could get the same effect from mixing a liquid highlighter with my moisturizer.",3.0 out of 5 stars,Verified Purchase,"Reviewed in the United States on June 19, 2025",
L'Oreal True Match Lumi Glotion,User_2401,Absolutely love the glow!,"This glotion is amazing. It gives me such a natural, radiant glow without looking greasy. I use it under my foundation.",5.0 out of 5 stars,Verified Purchase,"Reviewed in the United States on January 20, 2026",
L'Oreal True Match Lumi Glotion,User_7953,Perfect for no-makeup days,"When I don't want to wear foundation, I just put this on and it blurs imperfections while making my skin shine beautifully.",5.0 out of 5 stars,Verified Purchase,"Reviewed in the United States on March 13, 2026",
L'Oreal True Match Lumi Glotion,User_8981,Average glow lotion,"It does what it says, but I feel like I could get the same effect from mixing a liquid highlighter with my moisturizer.",3.0 out of 5 stars,Verified Purchase,"Reviewed in the United States on August 10, 2025",14 people found this helpful
L'Oreal True Match Lumi Glotion,User_4127,Absolutely love the glow!,"This glotion is amazing. It gives me such a natural, radiant glow without looking greasy. I use it under my foundation.",5.0 out of 5 stars,Verified Purchase,"Reviewed in the United States on September 18, 2025",
L'Oreal True Match Lumi Glotion,User_1145,"Not bad, but not for me",The glow is a bit too sparkly for my taste. I was expecting a more natural dewy finish.,3.0 out of 5 stars,Verified Purchase,"Reviewed in the United States on December 06, 2025",18 people found this helpful
L'Oreal True Match Lumi Glotion,User_6026,Good product,I like how it looks on my skin. Doesn't cause breakouts for me. The color match is pretty decent.,4.0 out of 5 stars,Verified Purchase,"Reviewed in the United States on July 12, 2025",41 people found this helpful
L'Oreal True Match Lumi Glotion,User_3026,"Not bad, but not for me",The glow is a bit too sparkly for my taste. I was expecting a more natural dewy finish.,3.0 out of 5 stars,Verified Purchase,"Reviewed in the United States on May 17, 2026",45 people found this helpful
L'Oreal True Match Lumi Glotion,User_5508,"Very nice, subtle glow","It's a great product, easily blendable. Taking one star off because the tube is a bit small, but a little goes a long way.",4.0 out of 5 stars,Verified Purchase,"Reviewed in the United States on June 03, 2025",27 people found this helpful
L'Oreal True Match Lumi Glotion,User_2370,Holy grail product,I have repurchased this three times. It makes my skin look so healthy. Better than expensive high-end alternatives!,5.0 out of 5 stars,Verified Purchase,"Reviewed in the United States on July 30, 2025",
L'Oreal True Match Lumi Glotion,User_4190,Good product,I like how it looks on my skin. Doesn't cause breakouts for me. The color match is pretty decent.,4.0 out of 5 stars,Verified Purchase,"Reviewed in the United States on November 07, 2025",
L'Oreal True Match Lumi Glotion,User_5370,Absolutely love the glow!,"This glotion is amazing. It gives me such a natural, radiant glow without looking greasy. I use it under my foundation.",5.0 out of 5 stars,Verified Purchase,"Reviewed in the United States on December 25, 2025",31 people found this helpful
L'Oreal True Match Lumi Glotion,User_9388,Good product,I like how it looks on my skin. Doesn't cause breakouts for me. The color match is pretty decent.,4.0 out of 5 stars,Verified Purchase,"Reviewed in the United States on July 03, 2025",27 people found this helpful
L'Oreal True Match Lumi Glotion,User_1789,"Very nice, subtle glow","It's a great product, easily blendable. Taking one star off because the tube is a bit small, but a little goes a long way.",4.0 out of 5 stars,Verified Purchase,"Reviewed in the United States on June 04, 2025",47 people found this helpful
L'Oreal True Match Lumi Glotion,User_5768,"Not bad, but not for me",The glow is a bit too sparkly for my taste. I was expecting a more natural dewy finish.,3.0 out of 5 stars,Verified Purchase,"Reviewed in the United States on February 03, 2026",18 people found this helpful
L'Oreal True Match Lumi Glotion,User_5901,"Not bad, but not for me",The glow is a bit too sparkly for my taste. I was expecting a more natural dewy finish.,3.0 out of 5 stars,Verified Purchase,"Reviewed in the United States on May 05, 2026",4 people found this helpful
L'Oreal True Match Lumi Glotion,User_8545,"Not bad, but not for me",The glow is a bit too sparkly for my taste. I was expecting a more natural dewy finish.,3.0 out of 5 stars,Verified Purchase,"Reviewed in the United States on August 02, 2025",42 people found this helpful
L'Oreal True Match Lumi Glotion,User_6381,It's okay,It gives a nice glow but it doesn't last all day. It tends to fade after a few hours on my oily skin.,3.0 out of 5 stars,Verified Purchase,"Reviewed in the United States on November 02, 2025",
L'Oreal True Match Lumi Glotion,User_9525,Holy grail product,I have repurchased this three times. It makes my skin look so healthy. Better than expensive high-end alternatives!,5.0 out of 5 stars,Verified Purchase,"Reviewed in the United States on July 06, 2025",
L'Oreal True Match Lumi Glotion,User_1664,Good product,I like how it looks on my skin. Doesn't cause breakouts for me. The color match is pretty decent.,4.0 out of 5 stars,Verified Purchase,"Reviewed in the United States on December 10, 2025",
L'Oreal True Match Lumi Glotion,User_8642,Made me break out,"Unfortunately, this clogged my pores and caused a breakout on my cheeks. Might not be suitable for acne-prone skin.",2.0 out of 5 stars,Verified Purchase,"Reviewed in the United States on December 15, 2025",1 people found this helpful
L'Oreal True Match Lumi Glotion,User_1984,It's okay,It gives a nice glow but it doesn't last all day. It tends to fade after a few hours on my oily skin.,3.0 out of 5 stars,Verified Purchase,"Reviewed in the United States on September 12, 2025",
L'Oreal True Match Lumi Glotion,User_5206,Holy grail product,I have repurchased this three times. It makes my skin look so healthy. Better than expensive high-end alternatives!,5.0 out of 5 stars,Verified Purchase,"Reviewed in the United States on December 11, 2025",35 people found this helpful
L'Oreal True Match Lumi Glotion,User_3589,"Very nice, subtle glow","It's a great product, easily blendable. Taking one star off because the tube is a bit small, but a little goes a long way.",4.0 out of 5 stars,Verified Purchase,"Reviewed in the United States on November 22, 2025",
L'Oreal True Match Lumi Glotion,User_6662,Holy grail product,I have repurchased this three times. It makes my skin look so healthy. Better than expensive high-end alternatives!,5.0 out of 5 stars,Verified Purchase,"Reviewed in the United States on August 30, 2025",
L'Oreal True Match Lumi Glotion,User_1214,"Not bad, but not for me",The glow is a bit too sparkly for my taste. I was expecting a more natural dewy finish.,3.0 out of 5 stars,Verified Purchase,"Reviewed in the United States on April 16, 2026",49 people found this helpful
L'Oreal True Match Lumi Glotion,User_6846,Holy grail product,I have repurchased this three times. It makes my skin look so healthy. Better than expensive high-end alternatives!,5.0 out of 5 stars,Verified Purchase,"Reviewed in the United States on January 07, 2026",11 people found this helpful
L'Oreal True Match Lumi Glotion,User_4186,Holy grail product,I have repurchased this three times. It makes my skin look so healthy. Better than expensive high-end alternatives!,5.0 out of 5 stars,Verified Purchase,"Reviewed in the United States on January 01, 2026",
L'Oreal True Match Lumi Glotion,User_6592,Too glittery,This isn't a 'natural glow'. It has visible chunks of glitter in it. I look like a disco ball. Returning it.,1.0 out of 5 stars,Verified Purchase,"Reviewed in the United States on March 12, 2026",0 people found this helpful
L'Oreal True Match Lumi Glotion,User_5499,It's okay,It gives a nice glow but it doesn't last all day. It tends to fade after a few hours on my oily skin.,3.0 out of 5 stars,Verified Purchase,"Reviewed in the United States on February 18, 2026",40 people found this helpful
L'Oreal True Match Lumi Glotion,User_8008,Good product,I like how it looks on my skin. Doesn't cause breakouts for me. The color match is pretty decent.,4.0 out of 5 stars,Verified Purchase,"Reviewed in the United States on November 18, 2025",
L'Oreal True Match Lumi Glotion,User_3043,Perfect for no-makeup days,"When I don't want to wear foundation, I just put this on and it blurs imperfections while making my skin shine beautifully.",5.0 out of 5 stars,Verified Purchase,"Reviewed in the United States on June 26, 2025",
L'Oreal True Match Lumi Glotion,User_6191,Perfect for no-makeup days,"When I don't want to wear foundation, I just put this on and it blurs imperfections while making my skin shine beautifully.",5.0 out of 5 stars,Verified Purchase,"Reviewed in the United States on December 08, 2025",25 people found this helpful
L'Oreal True Match Lumi Glotion,User_7240,Too glittery,This isn't a 'natural glow'. It has visible chunks of glitter in it. I look like a disco ball. Returning it.,1.0 out of 5 stars,Verified Purchase,"Reviewed in the United States on October 25, 2025",21 people found this helpful
L'Oreal True Match Lumi Glotion,User_7412,It's okay,It gives a nice glow but it doesn't last all day. It tends to fade after a few hours on my oily skin.,3.0 out of 5 stars,Verified Purchase,"Reviewed in the United States on October 18, 2025",28 people found this helpful
L'Oreal True Match Lumi Glotion,User_6781,Good product,I like how it looks on my skin. Doesn't cause breakouts for me. The color match is pretty decent.,4.0 out of 5 stars,Verified Purchase,"Reviewed in the United States on December 25, 2025",0 people found this helpful
L'Oreal True Match Lumi Glotion,User_2724,"Very nice, subtle glow","It's a great product, easily blendable. Taking one star off because the tube is a bit small, but a little goes a long way.",4.0 out of 5 stars,Verified Purchase,"Reviewed in the United States on August 28, 2025",29 people found this helpful
L'Oreal True Match Lumi Glotion,User_7060,Absolutely love the glow!,"This glotion is amazing. It gives me such a natural, radiant glow without looking greasy. I use it under my foundation.",5.0 out of 5 stars,Verified Purchase,"Reviewed in the United States on June 27, 2025",
L'Oreal True Match Lumi Glotion,User_4172,"Very nice, subtle glow","It's a great product, easily blendable. Taking one star off because the tube is a bit small, but a little goes a long way.",4.0 out of 5 stars,Verified Purchase,"Reviewed in the United States on September 30, 2025",
L'Oreal True Match Lumi Glotion,User_6608,Perfect for no-makeup days,"When I don't want to wear foundation, I just put this on and it blurs imperfections while making my skin shine beautifully.",5.0 out of 5 stars,Verified Purchase,"Reviewed in the United States on May 05, 2026",6 people found this helpful
L'Oreal True Match Lumi Glotion,User_7915,Absolutely love the glow!,"This glotion is amazing. It gives me such a natural, radiant glow without looking greasy. I use it under my foundation.",5.0 out of 5 stars,Verified Purchase,"Reviewed in the United States on October 16, 2025",
L'Oreal True Match Lumi Glotion,User_1439,Holy grail product,I have repurchased this three times. It makes my skin look so healthy. Better than expensive high-end alternatives!,5.0 out of 5 stars,Verified Purchase,"Reviewed in the United States on February 16, 2026",5 people found this helpful
L'Oreal True Match Lumi Glotion,User_3574,Holy grail product,I have repurchased this three times. It makes my skin look so healthy. Better than expensive high-end alternatives!,5.0 out of 5 stars,Verified Purchase,"Reviewed in the United States on January 16, 2026",
L'Oreal True Match Lumi Glotion,User_1931,"Very nice, subtle glow","It's a great product, easily blendable. Taking one star off because the tube is a bit small, but a little goes a long way.",4.0 out of 5 stars,Verified Purchase,"Reviewed in the United States on October 08, 2025",7 people found this helpful
L'Oreal True Match Lumi Glotion,User_6768,Average glow lotion,"It does what it says, but I feel like I could get the same effect from mixing a liquid highlighter with my moisturizer.",3.0 out of 5 stars,Verified Purchase,"Reviewed in the United States on October 25, 2025",45 people found this helpful
L'Oreal True Match Lumi Glotion,User_5912,Terrible packaging,The product exploded when I opened it. So much wasted product. The formula is okay but the tube is badly designed.,1.0 out of 5 stars,Verified Purchase,"Reviewed in the United States on September 12, 2025",42 people found this helpful
L'Oreal True Match Lumi Glotion,User_6198,Holy grail product,I have repurchased this three times. It makes my skin look so healthy. Better than expensive high-end alternatives!,5.0 out of 5 stars,Verified Purchase,"Reviewed in the United States on November 30, 2025",
L'Oreal True Match Lumi Glotion,User_1755,Absolutely love the glow!,"This glotion is amazing. It gives me such a natural, radiant glow without looking greasy. I use it under my foundation.",5.0 out of 5 stars,Verified Purchase,"Reviewed in the United States on March 10, 2026",17 people found this helpful
L'Oreal True Match Lumi Glotion,User_2491,"Very nice, subtle glow","It's a great product, easily blendable. Taking one star off because the tube is a bit small, but a little goes a long way.",4.0 out of 5 stars,Verified Purchase,"Reviewed in the United States on May 03, 2026",
L'Oreal True Match Lumi Glotion,User_7325,Average glow lotion,"It does what it says, but I feel like I could get the same effect from mixing a liquid highlighter with my moisturizer.",3.0 out of 5 stars,Verified Purchase,"Reviewed in the United States on June 12, 2025",
L'Oreal True Match Lumi Glotion,User_3668,Greasy feeling,It just sat on top of my skin and felt very heavy and greasy. Did not blend well with my other skincare products.,2.0 out of 5 stars,Verified Purchase,"Reviewed in the United States on November 03, 2025",5 people found this helpful
L'Oreal True Match Lumi Glotion,User_7641,It's okay,It gives a nice glow but it doesn't last all day. It tends to fade after a few hours on my oily skin.,3.0 out of 5 stars,Verified Purchase,"Reviewed in the United States on June 15, 2025",44 people found this helpful
L'Oreal True Match Lumi Glotion,User_2898,Holy grail product,I have repurchased this three times. It makes my skin look so healthy. Better than expensive high-end alternatives!,5.0 out of 5 stars,Verified Purchase,"Reviewed in the United States on April 30, 2026",
L'Oreal True Match Lumi Glotion,User_5956,It's okay,It gives a nice glow but it doesn't last all day. It tends to fade after a few hours on my oily skin.,3.0 out of 5 stars,Verified Purchase,"Reviewed in the United States on May 31, 2025",49 people found this helpful
L'Oreal True Match Lumi Glotion,User_5209,Too glittery,This isn't a 'natural glow'. It has visible chunks of glitter in it. I look like a disco ball. Returning it.,1.0 out of 5 stars,Verified Purchase,"Reviewed in the United States on December 11, 2025",29 people found this helpful
L'Oreal True Match Lumi Glotion,User_8403,Good product,I like how it looks on my skin. Doesn't cause breakouts for me. The color match is pretty decent.,4.0 out of 5 stars,Verified Purchase,"Reviewed in the United States on October 10, 2025",3 people found this helpful
L'Oreal True Match Lumi Glotion,User_1751,Holy grail product,I have repurchased this three times. It makes my skin look so healthy. Better than expensive high-end alternatives!,5.0 out of 5 stars,Verified Purchase,"Reviewed in the United States on April 11, 2026",22 people found this helpful
L'Oreal True Match Lumi Glotion,User_7878,"Not bad, but not for me",The glow is a bit too sparkly for my taste. I was expecting a more natural dewy finish.,3.0 out of 5 stars,Verified Purchase,"Reviewed in the United States on May 20, 2026",
L'Oreal True Match Lumi Glotion,User_7226,Holy grail product,I have repurchased this three times. It makes my skin look so healthy. Better than expensive high-end alternatives!,5.0 out of 5 stars,Verified Purchase,"Reviewed in the United States on April 11, 2026",
L'Oreal True Match Lumi Glotion,User_4498,Perfect for no-makeup days,"When I don't want to wear foundation, I just put this on and it blurs imperfections while making my skin shine beautifully.",5.0 out of 5 stars,Verified Purchase,"Reviewed in the United States on March 29, 2026",
L'Oreal True Match Lumi Glotion,User_9237,Perfect for no-makeup days,"When I don't want to wear foundation, I just put this on and it blurs imperfections while making my skin shine beautifully.",5.0 out of 5 stars,Verified Purchase,"Reviewed in the United States on October 27, 2025",48 people found this helpful
L'Oreal True Match Lumi Glotion,User_2847,Good product,I like how it looks on my skin. Doesn't cause breakouts for me. The color match is pretty decent.,4.0 out of 5 stars,Verified Purchase,"Reviewed in the United States on October 11, 2025",31 people found this helpful
L'Oreal True Match Lumi Glotion,User_5378,It's okay,It gives a nice glow but it doesn't last all day. It tends to fade after a few hours on my oily skin.,3.0 out of 5 stars,Verified Purchase,"Reviewed in the United States on October 16, 2025",46 people found this helpful
L'Oreal True Match Lumi Glotion,User_6023,Holy grail product,I have repurchased this three times. It makes my skin look so healthy. Better than expensive high-end alternatives!,5.0 out of 5 stars,Verified Purchase,"Reviewed in the United States on August 11, 2025",
L'Oreal True Match Lumi Glotion,User_5707,Holy grail product,I have repurchased this three times. It makes my skin look so healthy. Better than expensive high-end alternatives!,5.0 out of 5 stars,Verified Purchase,"Reviewed in the United States on April 17, 2026",44 people found this helpful
L'Oreal True Match Lumi Glotion,User_9297,Made me break out,"Unfortunately, this clogged my pores and caused a breakout on my cheeks. Might not be suitable for acne-prone skin.",2.0 out of 5 stars,Verified Purchase,"Reviewed in the United States on July 29, 2025",50 people found this helpful
L'Oreal True Match Lumi Glotion,User_5189,Perfect for no-makeup days,"When I don't want to wear foundation, I just put this on and it blurs imperfections while making my skin shine beautifully.",5.0 out of 5 stars,Verified Purchase,"Reviewed in the United States on December 04, 2025",
L'Oreal True Match Lumi Glotion,User_5487,Terrible packaging,The product exploded when I opened it. So much wasted product. The formula is okay but the tube is badly designed.,1.0 out of 5 stars,Verified Purchase,"Reviewed in the United States on September 10, 2025",
L'Oreal True Match Lumi Glotion,User_3114,Holy grail product,I have repurchased this three times. It makes my skin look so healthy. Better than expensive high-end alternatives!,5.0 out of 5 stars,Verified Purchase,"Reviewed in the United States on May 20, 2025",
L'Oreal True Match Lumi Glotion,User_4001,Perfect for no-makeup days,"When I don't want to wear foundation, I just put this on and it blurs imperfections while making my skin shine beautifully.",5.0 out of 5 stars,Verified Purchase,"Reviewed in the United States on April 14, 2026",2 people found this helpful
L'Oreal True Match Lumi Glotion,User_8076,It's okay,It gives a nice glow but it doesn't last all day. It tends to fade after a few hours on my oily skin.,3.0 out of 5 stars,Verified Purchase,"Reviewed in the United States on September 05, 2025",
L'Oreal True Match Lumi Glotion,User_4582,Holy grail product,I have repurchased this three times. It makes my skin look so healthy. Better than expensive high-end alternatives!,5.0 out of 5 stars,Verified Purchase,"Reviewed in the United States on February 08, 2026",
L'Oreal True Match Lumi Glotion,User_5762,"Not bad, but not for me",The glow is a bit too sparkly for my taste. I was expecting a more natural dewy finish.,3.0 out of 5 stars,Verified Purchase,"Reviewed in the United States on April 29, 2026",43 people found this helpful
L'Oreal True Match Lumi Glotion,User_4391,Good product,I like how it looks on my skin. Doesn't cause breakouts for me. The color match is pretty decent.,4.0 out of 5 stars,Verified Purchase,"Reviewed in the United States on June 21, 2025",
L'Oreal True Match Lumi Glotion,User_9921,Perfect for no-makeup days,"When I don't want to wear foundation, I just put this on and it blurs imperfections while making my skin shine beautifully.",5.0 out of 5 stars,Verified Purchase,"Reviewed in the United States on June 19, 2025",
L'Oreal True Match Lumi Glotion,User_3411,It's okay,It gives a nice glow but it doesn't last all day. It tends to fade after a few hours on my oily skin.,3.0 out of 5 stars,Verified Purchase,"Reviewed in the United States on November 11, 2025",45 people found this helpful
L'Oreal True Match Lumi Glotion,User_5894,"Very nice, subtle glow","It's a great product, easily blendable. Taking one star off because the tube is a bit small, but a little goes a long way.",4.0 out of 5 stars,Verified Purchase,"Reviewed in the United States on December 04, 2025",49 people found this helpful
L'Oreal True Match Lumi Glotion,User_5245,Perfect for no-makeup days,"When I don't want to wear foundation, I just put this on and it blurs imperfections while making my skin shine beautifully.",5.0 out of 5 stars,Verified Purchase,"Reviewed in the United States on October 15, 2025",39 people found this helpful
L'Oreal True Match Lumi Glotion,User_4345,"Not bad, but not for me",The glow is a bit too sparkly for my taste. I was expecting a more natural dewy finish.,3.0 out of 5 stars,Verified Purchase,"Reviewed in the United States on June 12, 2025",40 people found this helpful
L'Oreal True Match Lumi Glotion,User_9826,It's okay,It gives a nice glow but it doesn't last all day. It tends to fade after a few hours on my oily skin.,3.0 out of 5 stars,Verified Purchase,"Reviewed in the United States on May 20, 2025",32 people found this helpful
L'Oreal True Match Lumi Glotion,User_3579,Average glow lotion,"It does what it says, but I feel like I could get the same effect from mixing a liquid highlighter with my moisturizer.",3.0 out of 5 stars,Verified Purchase,"Reviewed in the United States on July 24, 2025",23 people found this helpful
L'Oreal True Match Lumi Glotion,User_5965,Perfect for no-makeup days,"When I don't want to wear foundation, I just put this on and it blurs imperfections while making my skin shine beautifully.",5.0 out of 5 stars,Verified Purchase,"Reviewed in the United States on January 22, 2026",
L'Oreal True Match Lumi Glotion,User_3217,Holy grail product,I have repurchased this three times. It makes my skin look so healthy. Better than expensive high-end alternatives!,5.0 out of 5 stars,Verified Purchase,"Reviewed in the United States on April 09, 2026",
L'Oreal True Match Lumi Glotion,User_7760,Made me break out,"Unfortunately, this clogged my pores and caused a breakout on my cheeks. Might not be suitable for acne-prone skin.",2.0 out of 5 stars,Verified Purchase,"Reviewed in the United States on June 22, 2025",
L'Oreal True Match Lumi Glotion,User_9333,Absolutely love the glow!,"This glotion is amazing. It gives me such a natural, radiant glow without looking greasy. I use it under my foundation.",5.0 out of 5 stars,Verified Purchase,"Reviewed in the United States on May 08, 2026",0 people found this helpful
L'Oreal True Match Lumi Glotion,User_4956,Too glittery,This isn't a 'natural glow'. It has visible chunks of glitter in it. I look like a disco ball. Returning it.,1.0 out of 5 stars,Verified Purchase,"Reviewed in the United States on January 22, 2026",
L'Oreal True Match Lumi Glotion,User_4046,Too glittery,This isn't a 'natural glow'. It has visible chunks of glitter in it. I look like a disco ball. Returning it.,1.0 out of 5 stars,Verified Purchase,"Reviewed in the United States on October 27, 2025",
L'Oreal True Match Lumi Glotion,User_1731,Average glow lotion,"It does what it says, but I feel like I could get the same effect from mixing a liquid highlighter with my moisturizer.",3.0 out of 5 stars,Verified Purchase,"Reviewed in the United States on March 17, 2026",
L'Oreal True Match Lumi Glotion,User_1190,Holy grail product,I have repurchased this three times. It makes my skin look so healthy. Better than expensive high-end alternatives!,5.0 out of 5 stars,Verified Purchase,"Reviewed in the United States on May 15, 2026",22 people found this helpful
L'Oreal True Match Lumi Glotion,User_4715,Perfect for no-makeup days,"When I don't want to wear foundation, I just put this on and it blurs imperfections while making my skin shine beautifully.",5.0 out of 5 stars,Verified Purchase,"Reviewed in the United States on April 12, 2026",
L'Oreal True Match Lumi Glotion,User_8072,"Very nice, subtle glow","It's a great product, easily blendable. Taking one star off because the tube is a bit small, but a little goes a long way.",4.0 out of 5 stars,Verified Purchase,"Reviewed in the United States on November 02, 2025",
L'Oreal True Match Lumi Glotion,User_7243,It's okay,It gives a nice glow but it doesn't last all day. It tends to fade after a few hours on my oily skin.,3.0 out of 5 stars,Verified Purchase,"Reviewed in the United States on March 31, 2026",
L'Oreal True Match Lumi Glotion,User_5950,Greasy feeling,It just sat on top of my skin and felt very heavy and greasy. Did not blend well with my other skincare products.,2.0 out of 5 stars,Verified Purchase,"Reviewed in the United States on May 26, 2025",
L'Oreal True Match Lumi Glotion,User_8914,Holy grail product,I have repurchased this three times. It makes my skin look so healthy. Better than expensive high-end alternatives!,5.0 out of 5 stars,Verified Purchase,"Reviewed in the United States on October 03, 2025",
L'Oreal True Match Lumi Glotion,User_1145,Good product,I like how it looks on my skin. Doesn't cause breakouts for me. The color match is pretty decent.,4.0 out of 5 stars,Verified Purchase,"Reviewed in the United States on October 28, 2025",24 people found this helpful
L'Oreal True Match Lumi Glotion,User_5857,Perfect for no-makeup days,"When I don't want to wear foundation, I just put this on and it blurs imperfections while making my skin shine beautifully.",5.0 out of 5 stars,Verified Purchase,"Reviewed in the United States on August 07, 2025",
L'Oreal True Match Lumi Glotion,User_7410,Holy grail product,I have repurchased this three times. It makes my skin look so healthy. Better than expensive high-end alternatives!,5.0 out of 5 stars,Verified Purchase,"Reviewed in the United States on April 28, 2026",4 people found this helpful
L'Oreal True Match Lumi Glotion,User_5649,"Not bad, but not for me",The glow is a bit too sparkly for my taste. I was expecting a more natural dewy finish.,3.0 out of 5 stars,Verified Purchase,"Reviewed in the United States on November 09, 2025",31 people found this helpful
L'Oreal True Match Lumi Glotion,User_8512,"Very nice, subtle glow","It's a great product, easily blendable. Taking one star off because the tube is a bit small, but a little goes a long way.",4.0 out of 5 stars,Verified Purchase,"Reviewed in the United States on October 14, 2025",4 people found this helpful
L'Oreal True Match Lumi Glotion,User_3494,Greasy feeling,It just sat on top of my skin and felt very heavy and greasy. Did not blend well with my other skincare products.,2.0 out of 5 stars,Verified Purchase,"Reviewed in the United States on March 25, 2026",
L'Oreal True Match Lumi Glotion,User_6013,Absolutely love the glow!,"This glotion is amazing. It gives me such a natural, radiant glow without looking greasy. I use it under my foundation.",5.0 out of 5 stars,Verified Purchase,"Reviewed in the United States on November 13, 2025",33 people found this helpful
L'Oreal True Match Lumi Glotion,User_1719,Good product,I like how it looks on my skin. Doesn't cause breakouts for me. The color match is pretty decent.,4.0 out of 5 stars,Verified Purchase,"Reviewed in the United States on April 13, 2026",
L'Oreal True Match Lumi Glotion,User_3665,"Very nice, subtle glow","It's a great product, easily blendable. Taking one star off because the tube is a bit small, but a little goes a long way.",4.0 out of 5 stars,Verified Purchase,"Reviewed in the United States on July 22, 2025",20 people found this helpful
L'Oreal True Match Lumi Glotion,User_5358,Good product,I like how it looks on my skin. Doesn't cause breakouts for me. The color match is pretty decent.,4.0 out of 5 stars,Verified Purchase,"Reviewed in the United States on December 12, 2025",
L'Oreal True Match Lumi Glotion,User_5365,Good product,I like how it looks on my skin. Doesn't cause breakouts for me. The color match is pretty decent.,4.0 out of 5 stars,Verified Purchase,"Reviewed in the United States on November 08, 2025",
L'Oreal True Match Lumi Glotion,User_3738,"Very nice, subtle glow","It's a great product, easily blendable. Taking one star off because the tube is a bit small, but a little goes a long way.",4.0 out of 5 stars,Verified Purchase,"Reviewed in the United States on March 31, 2026",
